Size,Re_Run,Type,Structure,Formation,Log Footage,Depth Average,Blades,Cutter size,Min Flow Rate,Max Flow Rate,TFA,HSI,Log Min WOB,Max WOB,Log ROP,Mud Weight,Drive_System,Min_RPM,Max_RPM,Torque Max,Torque Min,Manufacturer
36.0,0,3,4,5,4.406719247264253,90.0,3.0,0.0,430.0,430.0,4.712,0.0014506581151991075,1.6094379124341003,13.0,2.312535423847214,8.5,2,60.0,80.0,5.0,3.0,5
26.0,0,3,4,5,2.70805020110221,138.5,3.0,0.0,540.0,540.0,1.199,0.08506903132329459,2.8903717578961645,23.0,2.1162555148025524,8.5,2,48.0,48.0,15.0,2.0,2
26.0,1,3,4,5,6.5638555265321274,774.0,3.0,0.0,580.0,800.0,1.199,0.5,3.2188758248682006,78.0,2.4239173781615704,8.5,1,47.0,73.0,15.0,2.0,2
26.0,1,3,4,6,6.304448802421981,774.0,3.0,0.0,580.0,800.0,1.199,0.5,3.2188758248682006,78.0,2.4239173781615704,8.5,1,47.0,73.0,15.0,2.0,2
26.0,0,3,4,6,6.082218910376446,1821.5,3.0,0.0,900.0,1050.0,0.942,0.842,3.6888794541139363,55.0,2.6616571615324998,9.6,1,144.0,168.0,15.0,2.0,1
26.0,0,3,3,5,5.768320995793772,1821.5,3.0,0.0,900.0,1050.0,0.942,0.842,3.6888794541139363,55.0,2.6616571615324998,9.6,1,144.0,168.0,15.0,2.0,1
26.0,0,3,3,6,4.394449154672439,1821.5,3.0,0.0,900.0,1050.0,0.942,0.842,3.6888794541139363,55.0,2.6616571615324998,9.6,1,144.0,168.0,15.0,2.0,1
18.5,0,2,3,6,7.061334366910438,2824.0,8.0,19.0,750.0,850.0,1.988,0.303,1.3862943611198906,12.0,3.466672963621067,9.8,1,120.0,136.0,15.0,6.0,2
18.5,1,2,3,6,7.014814351275545,4414.5,8.0,19.0,850.0,900.0,1.988,0.304,2.0794415416798357,35.0,3.530762586016799,9.8,1,136.0,144.0,15.0,6.0,2
18.5,1,2,3,7,6.76849321164863,4414.5,8.0,19.0,850.0,900.0,1.988,0.304,2.0794415416798357,35.0,3.530762586016799,9.8,1,136.0,144.0,15.0,6.0,2
18.5,0,2,3,6,5.717027701406222,5637.5,6.0,19.0,850.0,900.0,2.24,0.29,2.0794415416798357,25.0,2.8673305587494666,9.8,1,136.0,144.0,15.0,6.0,1
18.5,0,2,3,7,4.844187086458591,5637.5,6.0,19.0,850.0,900.0,2.24,0.29,2.0794415416798357,25.0,2.8673305587494666,9.8,1,136.0,144.0,15.0,6.0,1
18.5,1,2,3,7,6.391917113392602,6151.5,6.0,19.0,850.0,900.0,2.24,0.29,2.0794415416798357,25.0,2.1972245773362196,10.0,1,136.0,140.0,15.0,6.0,1
14.75,0,3,3,7,1.3862943611198906,6452.0,3.0,0.0,500.0,860.0,1.875,0.44,1.6094379124341003,25.0,0.0,10.5,2,50.0,80.0,7.0,5.0,1
14.75,0,2,3,7,5.53338948872752,7542.5,9.0,19.0,800.0,850.0,1.491,0.964,1.6094379124341003,25.0,3.6985822295753215,10.8,1,100.0,100.0,15.0,8.0,1
14.75,0,2,3,8,7.562161631225652,7542.5,9.0,19.0,800.0,850.0,1.491,0.964,1.6094379124341003,25.0,3.6985822295753215,10.8,1,100.0,100.0,15.0,8.0,1
14.75,4,2,3,7,7.38025578842646,9779.0,9.0,19.0,850.0,850.0,1.491,0.973,1.6094379124341003,40.0,3.1612467120315646,11.1,1,80.0,140.0,14.0,8.0,1
14.75,4,2,3,8,6.395261598115449,9779.0,9.0,19.0,850.0,850.0,1.491,0.973,1.6094379124341003,40.0,3.1612467120315646,11.1,1,80.0,140.0,14.0,8.0,1
14.75,4,2,1,7,4.532599493153256,9779.0,9.0,19.0,850.0,850.0,1.491,0.973,1.6094379124341003,40.0,3.1612467120315646,11.1,1,80.0,140.0,14.0,8.0,1
14.75,0,2,1,7,3.970291913552122,11603.0,9.0,19.0,830.0,830.0,1.491,0.93,2.70805020110221,32.0,2.9454910571172443,11.8,1,80.0,130.0,17.0,10.0,1
14.75,0,2,1,8,7.15305163493748,11603.0,9.0,19.0,830.0,830.0,1.491,0.93,2.70805020110221,32.0,2.9454910571172443,11.8,1,80.0,130.0,17.0,10.0,1
14.75,0,2,1,18,3.044522437723423,11603.0,9.0,19.0,830.0,830.0,1.491,0.93,2.70805020110221,32.0,2.9454910571172443,11.8,1,80.0,130.0,17.0,10.0,1
10.625,0,2,1,18,4.997212273764115,12353.0,8.0,13.0,410.0,650.0,1.571,0.641,1.6094379124341003,47.0,1.252762968495368,11.9,1,50.0,100.0,13.37,3.5,1
10.625,0,2,1,18,3.58351893845611,12445.0,9.0,16.0,600.0,608.0,1.988,0.315,1.6094379124341003,45.0,0.4054651081081644,9.5,1,54.0,92.0,12.0,9.5,3
10.625,0,1,1,18,4.875197323201151,12528.5,18.0,0.0,600.0,600.0,1.94,0.315,1.6094379124341003,20.0,0.6151856390902335,9.5,1,160.0,194.0,10.7,9.0,1
10.625,0,2,1,18,5.075173815233827,12674.0,8.0,13.0,600.0,600.0,1.98,0.315,2.302585092994046,30.0,0.4885800148186709,9.5,1,60.0,80.0,12.0,8.0,4
10.625,0,2,1,18,4.927253685157205,12828.5,9.0,13.0,550.0,600.0,1.703,0.429,2.302585092994046,30.0,0.26236426446749106,9.5,1,55.0,120.0,10.0,8.0,3
10.625,0,2,1,17,2.3978952727983707,12828.5,9.0,13.0,550.0,600.0,1.703,0.429,2.302585092994046,30.0,0.26236426446749106,9.5,1,55.0,120.0,10.0,8.0,3
10.625,0,2,1,17,6.028278520230698,13110.5,7.0,16.0,550.0,650.0,1.706,0.558,2.0794415416798357,35.0,1.410986973710262,9.5,1,60.0,120.0,10.5,9.5,3
10.625,0,2,1,17,5.501258210544727,13452.0,7.0,16.0,630.0,650.0,1.74,0.45,0.6931471805599453,25.0,1.9740810260220096,9.7,1,70.0,100.0,13.0,9.0,1
10.625,0,2,1,0,3.1354942159291497,13452.0,7.0,16.0,630.0,650.0,1.74,0.45,0.6931471805599453,25.0,1.9740810260220096,9.7,1,70.0,100.0,13.0,9.0,1
8.5,1,2,1,0,1.9459101490553132,13589.5,9.0,13.0,600.0,608.0,1.178,1.315,1.6094379124341003,45.0,2.174751721484161,9.5,2,92.0,92.0,9.5,12.0,3
8.5,0,2,1,0,5.703782474656201,13905.0,8.0,13.0,450.0,450.0,1.212,0.338,1.791759469228055,30.0,1.2947271675944,8.2,1,55.0,100.0,13.0,11.0,1
8.5,0,2,1,0,4.330733340286331,14165.0,8.0,13.0,450.0,450.0,1.211,0.43,2.0794415416798357,26.0,1.2178757094949273,8.2,1,80.0,120.0,15.0,12.0,1
8.5,0,2,1,14,4.969813299576001,14165.0,8.0,13.0,450.0,450.0,1.211,0.43,2.0794415416798357,26.0,1.2178757094949273,8.2,1,80.0,120.0,15.0,12.0,1
8.5,0,2,1,14,3.367295829986474,14432.5,8.0,13.0,450.0,465.0,0.973,0.85,2.302585092994046,26.0,1.0260415958332743,8.2,1,80.0,95.0,15.0,12.0,4
8.5,0,2,1,0,5.365976015021851,14432.5,8.0,13.0,450.0,465.0,0.973,0.85,2.302585092994046,26.0,1.0260415958332743,8.2,1,80.0,95.0,15.0,12.0,4
8.5,0,2,1,0,4.330733340286331,14618.0,8.0,13.0,420.0,465.0,0.982,0.7309172785888888,1.6094379124341003,22.0,1.0296194171811581,8.2,1,80.0,120.0,15.0,11.4,1
8.5,0,2,1,17,2.995732273553991,14618.0,8.0,13.0,420.0,465.0,0.982,0.7309172785888888,1.6094379124341003,22.0,1.0296194171811581,8.2,1,80.0,120.0,15.0,11.4,1
6.0,4,2,1,17,2.5649493574615367,14672.5,7.0,13.0,200.0,220.0,0.82,0.267,1.9459101490553132,20.0,2.5649493574615367,9.8,2,68.0,68.0,9.3,9.7,2
6.0,2,2,1,17,2.1972245773362196,14686.5,7.0,13.0,150.0,400.0,0.819,1.78,1.6094379124341003,10.0,1.4445632692438664,9.8,2,90.0,100.0,9.6,9.0,2
6.0,3,2,1,17,5.1298987149230735,14981.5,7.0,13.0,220.0,250.0,0.976,0.324,1.6094379124341003,16.0,2.1162555148025524,9.8,1,70.0,120.0,10.1,8.65,2
6.0,3,2,1,8,5.8522024797744745,14981.5,7.0,13.0,220.0,250.0,0.976,0.324,1.6094379124341003,16.0,2.1162555148025524,9.8,1,70.0,120.0,10.1,8.65,2
6.0,3,2,1,18,4.1588830833596715,14981.5,7.0,13.0,220.0,250.0,0.976,0.324,1.6094379124341003,16.0,2.1162555148025524,9.8,1,70.0,120.0,10.1,8.65,2
6.0,0,2,1,18,4.624972813284271,15323.0,6.0,13.0,250.0,250.0,0.971,0.301,1.3862943611198906,16.0,0.9932517730102834,10.6,2,80.0,100.0,11.0,11.5,1
6.0,0,1,1,18,5.0106352940962555,15449.0,12.0,8.0,250.0,250.0,1.087,0.3,0.0,6.0,0.5128236264286637,10.6,1,30.0,50.0,9.95,9.6,1
6.0,0,1,1,18,5.537334267018537,15651.0,12.0,5.0,200.0,212.0,0.5,1.0,0.6931471805599453,7.0,1.235471471385307,10.6,3,200.0,212.0,10.100000000000001,9.5,4
6.0,0,2,1,18,4.30406509320417,15883.5,7.0,11.0,250.0,270.0,2.14,0.07816700188025687,4.0943445622221,60.0,1.3862943611198906,10.6,3,185.0,185.0,10.56,9.79,1
6.0,0,2,1,8,4.7535901911063645,15883.5,7.0,11.0,250.0,270.0,2.14,0.07816700188025687,4.0943445622221,60.0,1.3862943611198906,10.6,3,185.0,185.0,10.56,9.79,1
6.0,0,2,5,8,3.044522437723423,15883.5,7.0,11.0,250.0,270.0,2.14,0.07816700188025687,4.0943445622221,60.0,1.3862943611198906,10.6,3,185.0,185.0,10.56,9.79,1
4.125,0,2,5,8,6.028278520230698,16227.0,7.0,11.0,220.0,250.0,1.022,0.31,0.6931471805599453,10.0,1.8309801823813363,10.6,0,142.0,146.0,10.4,9.8,2
4.125,0,2,5,18,4.110873864173311,16227.0,7.0,11.0,220.0,250.0,1.022,0.31,0.6931471805599453,10.0,1.8309801823813363,10.6,0,142.0,146.0,10.4,9.8,2
4.125,0,2,5,18,2.3978952727983707,16470.5,6.0,13.0,250.0,293.0,0.778,0.52,0.6931471805599453,10.0,1.5216989981260935,10.6,2,50.0,80.0,11.6,10.6,4
4.125,1,2,5,18,4.30406509320417,16513.0,5.0,11.0,110.0,110.0,0.552,0.323,0.0,4.0,0.2468600779315258,8.7,2,50.0,80.0,10.2,4.6,1
4.125,0,2,5,18,3.6375861597263857,16569.0,8.0,11.0,100.0,107.0,0.79,0.06199045754166958,0.4054651081081644,4.5,0.3074846997479607,8.7,0,240.0,270.0,10.12,9.7,1
4.125,0,2,5,18,5.075173815233827,16668.0,5.0,11.0,103.0,108.0,0.648,0.09474339566469742,0.0,7.5,0.47000362924573563,8.7,0,287.0,287.0,11.54,11.14,1
4.125,0,2,5,18,3.6375861597263857,16767.0,5.0,11.0,103.0,106.0,0.648,0.0895767446297132,0.6931471805599453,4.0,0.7884573603642703,8.7,0,278.0,285.0,11.52,10.82,1
4.125,0,2,5,18,3.871201010907891,16826.0,5.0,11.0,90.0,108.0,0.65,0.0947024130083397,0.6931471805599453,4.0,0.7419373447293773,8.75,0,245.0,296.0,11.54,10.8,1
4.125,0,2,5,17,3.4657359027997265,16826.0,5.0,11.0,90.0,108.0,0.65,0.0947024130083397,0.6931471805599453,4.0,0.7419373447293773,8.75,0,245.0,296.0,11.54,10.8,1
26.0,0,3,4,10,5.605802066295998,336.0,3.0,0.0,200.0,913.0,0.729,1.0,3.295836866004329,50.0,2.3758355547336385,8.6,2,30.0,90.0,15.0,2.0,1
26.0,0,3,4,2,5.69035945432406,336.0,3.0,0.0,200.0,913.0,0.729,1.0,3.295836866004329,50.0,2.3758355547336385,8.6,2,30.0,90.0,15.0,2.0,1
26.0,0,2,4,2,4.0943445622221,1010.0,8.0,19.0,760.0,766.0,0.928,0.42,1.9459101490553132,15.0,2.28949985344539,8.9,1,90.0,130.0,10.0,3.0,4
26.0,0,2,4,3,6.251903883165888,1010.0,8.0,19.0,760.0,766.0,0.928,0.42,1.9459101490553132,15.0,2.28949985344539,8.9,1,90.0,130.0,10.0,3.0,4
26.0,0,2,4,4,5.153291594497779,1010.0,8.0,19.0,760.0,766.0,0.928,0.42,1.9459101490553132,15.0,2.28949985344539,8.9,1,90.0,130.0,10.0,3.0,4
26.0,0,2,4,5,3.332204510175204,1010.0,8.0,19.0,760.0,766.0,0.928,0.42,1.9459101490553132,15.0,2.28949985344539,8.9,1,90.0,130.0,10.0,3.0,4
18.5,0,2,4,5,7.658227526161352,2520.5,8.0,19.0,880.0,915.0,1.003,1.5,2.302585092994046,50.0,2.961140828784372,9.3,1,80.0,140.0,14.0,3.0,2
18.5,0,2,3,8,4.736198448394496,2520.5,8.0,19.0,880.0,915.0,1.003,1.5,2.302585092994046,50.0,2.961140828784372,9.3,1,80.0,140.0,14.0,3.0,2
18.5,0,2,3,18,2.1972245773362196,2520.5,8.0,19.0,880.0,915.0,1.003,1.5,2.302585092994046,50.0,2.961140828784372,9.3,1,80.0,140.0,14.0,3.0,2
18.5,0,2,3,18,5.181783550292085,3730.0,8.0,16.0,880.0,915.0,1.003,1.5,2.302585092994046,50.0,1.8562979903656263,9.3,1,80.0,120.0,14.0,3.0,2
18.5,0,3,3,18,5.389071729816501,3928.5,3.0,0.0,900.0,950.0,1.022,1.52,2.70805020110221,40.0,1.4182774069729414,9.3,1,80.0,120.0,6.0,2.0,4
18.5,0,3,3,18,5.934894195619588,4227.0,3.0,0.0,900.0,900.0,0.994,1.39,3.4011973816621555,50.0,1.4883995840570443,9.4,1,90.0,95.0,7.0,3.0,4
18.5,0,3,3,18,5.147494476813453,4503.0,3.0,0.0,900.0,900.0,0.776,2.2,2.302585092994046,53.0,1.4539530095937054,9.5,2,80.0,110.0,7.0,4.0,1
18.5,1,2,3,18,6.255750041753367,4849.5,8.0,16.0,449.0,950.0,1.078,1.18,1.6094379124341003,40.0,1.791759469228055,9.6,1,70.0,150.0,16.0,3.5,2
18.5,0,3,3,18,5.455321115357702,5227.0,3.0,0.0,750.0,850.0,0.994,1.14,3.4011973816621555,55.0,1.1410330045520618,9.8,0,106.0,128.0,6.666666666666667,3.0,4
18.5,0,2,3,18,5.6131281063880705,5499.5,8.0,16.0,850.0,900.0,1.021,1.05,2.70805020110221,60.0,1.425515074273172,9.8,1,60.0,140.0,12.0,5.0,1
18.5,0,2,3,17,3.6109179126442243,5499.5,8.0,16.0,850.0,900.0,1.021,1.05,2.70805020110221,60.0,1.425515074273172,9.8,1,60.0,140.0,12.0,5.0,1
18.5,0,2,3,17,5.981414211254481,5853.0,7.0,19.0,900.0,900.0,0.928,1.5,1.6094379124341003,62.0,1.9740810260220096,9.9,1,80.0,140.0,15.0,4.0,0
14.75,0,2,3,17,7.02197642307216,6618.5,9.0,19.0,800.0,900.0,0.84,3.28,1.6094379124341003,55.0,2.2027647577118348,10.6,1,70.0,155.0,14.0,8.0,1
14.75,0,2,3,18,2.6390573296152584,6618.5,9.0,19.0,800.0,900.0,0.84,3.28,1.6094379124341003,55.0,2.2027647577118348,10.6,1,70.0,155.0,14.0,8.0,1
14.75,0,2,3,18,5.438079308923196,7301.0,8.0,16.0,775.0,900.0,0.996,2.5,2.70805020110221,50.0,1.4011829736136412,11.2,1,90.0,145.0,15.0,9.0,1
14.75,0,3,3,18,5.0369526024136295,7493.0,3.0,0.0,775.0,850.0,0.994,1.58,3.912023005428146,60.0,0.45107561936021673,11.3,2,35.0,55.0,11.0,8.0,1
14.75,0,2,3,18,5.655991810819852,7713.0,8.0,13.0,753.0,852.0,1.037,2.0437,0.0,40.0,1.2499017362143359,11.3,2,40.0,145.0,15.0,8.5,0
14.75,0,2,3,18,5.717027701406222,8008.0,6.0,16.0,770.0,800.0,1.037,1.76,0.0,50.0,0.8153648132841944,11.3,2,40.0,150.0,15.0,8.0,4
14.75,0,2,3,18,5.8522024797744745,8334.0,10.0,16.0,750.0,850.0,0.994,1.841,1.6094379124341003,42.0,0.8878912573524571,11.3,2,60.0,155.0,15.0,9.0,2
14.75,0,2,3,18,4.653960350157523,9171.5,9.0,19.0,840.0,900.0,1.086,1.8,1.6094379124341003,40.0,2.5257286443082556,11.3,1,80.0,160.0,18.0,14.0,1
14.75,0,2,3,8,7.002155954403621,9171.5,9.0,19.0,840.0,900.0,1.086,1.8,1.6094379124341003,40.0,2.5257286443082556,11.3,1,80.0,160.0,18.0,14.0,1
14.75,0,2,3,7,4.812184355372417,9171.5,9.0,19.0,840.0,900.0,1.086,1.8,1.6094379124341003,40.0,2.5257286443082556,11.3,1,80.0,160.0,18.0,14.0,1
14.75,0,2,3,7,5.41610040220442,10355.0,6.0,19.0,840.0,890.0,1.032,1.71,1.6094379124341003,30.0,2.6390573296152584,11.3,1,90.0,140.0,14.0,16.0,4
14.75,0,2,6,6,4.543294782270004,10355.0,6.0,19.0,840.0,890.0,1.032,1.71,1.6094379124341003,30.0,2.6390573296152584,11.3,1,90.0,140.0,14.0,16.0,4
14.75,0,2,6,7,6.580639137284949,10355.0,6.0,19.0,840.0,890.0,1.032,1.71,1.6094379124341003,30.0,2.6390573296152584,11.3,1,90.0,140.0,14.0,16.0,4
14.75,1,2,6,7,6.023447592961033,11081.5,9.0,19.0,810.0,850.0,1.086,1.73,1.6094379124341003,50.0,1.6882490928583902,11.7,1,90.0,140.0,22.0,16.0,1
14.75,0,2,6,7,6.588926477533519,11735.5,7.0,19.0,850.0,850.0,1.178,1.47,1.6094379124341003,30.0,2.194999882314108,11.7,1,100.0,120.0,22.0,16.0,1
14.75,0,2,6,8,5.123963979403259,11735.5,7.0,19.0,850.0,850.0,1.178,1.47,1.6094379124341003,30.0,2.194999882314108,11.7,1,100.0,120.0,22.0,16.0,1
14.75,1,2,6,7,2.833213344056216,12191.5,7.0,19.0,805.0,805.0,1.335,0.97,2.70805020110221,18.0,2.244955980157409,11.8,2,120.0,120.0,18.0,17.0,1
10.625,0,2,6,7,4.867534450455582,12265.0,7.0,16.0,550.0,600.0,1.052,0.885,1.0986122886681098,20.0,3.912023005428146,12.0,2,30.0,50.0,19.0,8.0,0
10.625,0,2,6,7,5.768320995793772,13467.0,7.0,16.0,775.0,790.0,1.19,2.27,1.6094379124341003,30.0,2.932792473780117,12.1,1,120.0,120.0,21.0,13.0,4
10.625,0,2,6,8,5.5134287461649825,13467.0,7.0,16.0,775.0,790.0,1.19,2.27,1.6094379124341003,30.0,2.932792473780117,12.1,1,120.0,120.0,21.0,13.0,4
10.625,0,2,2,7,6.8501261661455,13467.0,7.0,16.0,775.0,790.0,1.19,2.27,1.6094379124341003,30.0,2.932792473780117,12.1,1,120.0,120.0,21.0,13.0,4
10.625,0,2,2,8,6.635946555686647,13467.0,7.0,16.0,775.0,790.0,1.19,2.27,1.6094379124341003,30.0,2.932792473780117,12.1,1,120.0,120.0,21.0,13.0,4
10.625,0,2,2,8,5.762051382780177,14763.0,7.0,16.0,690.0,770.0,1.19,1.1905,2.8903717578961645,30.0,2.5718485799218085,12.15,1,100.0,124.0,19.0,17.0,2
10.625,1,2,2,18,1.3862943611198906,14924.0,7.0,16.0,500.0,500.0,1.19,2.14625,2.4849066497880004,20.0,1.5555095704085444,12.15,2,90.0,90.0,16.0,12.0,2
8.5,0,2,2,18,4.189654742026425,14959.0,7.0,13.0,350.0,450.0,0.778,1.5,1.0986122886681098,25.0,1.747459210331475,8.4,2,100.0,130.0,16.0,12.0,0
8.5,0,2,2,18,1.791759469228055,14995.0,7.0,16.0,250.0,540.0,1.553,2.36,0.6931471805599453,20.0,1.1939224684724346,8.4,3,30.0,131.66666666666666,16.0,9.0,4
8.5,0,1,2,18,5.8944028342648505,15179.5,12.0,0.0,560.0,560.0,0.662,3.22,0.6931471805599453,21.0,1.2499017362143359,9.4,0,185.0,185.0,19.0,16.0,1
8.5,0,1,2,18,5.393627546352362,15537.5,16.0,0.0,560.0,580.0,1.5,0.65,0.6931471805599453,23.0,1.3987168811184478,8.4,0,185.0,191.0,17.0,13.0,1
8.5,0,1,2,17,4.890349128221754,15537.5,16.0,0.0,560.0,580.0,1.5,0.65,0.6931471805599453,23.0,1.3987168811184478,8.4,0,185.0,191.0,17.0,13.0,1
8.5,0,2,2,17,5.4680601411351315,15886.5,7.0,16.0,550.0,550.0,0.773,2.33,0.6931471805599453,20.0,1.6695918352538475,9.4,1,80.0,127.0,24.0,14.0,4
8.5,0,2,5,8,4.499809670330265,15886.5,7.0,16.0,550.0,550.0,0.773,2.33,0.6931471805599453,20.0,1.6695918352538475,9.4,1,80.0,127.0,24.0,14.0,4
8.5,0,2,5,8,4.6913478822291435,16104.5,7.0,16.0,550.0,550.0,0.773,2.498,1.791759469228055,24.0,1.2809338454620642,9.4,1,60.0,140.0,24.0,14.0,2
8.5,0,2,5,18,4.718498871295094,16215.0,8.0,13.0,275.0,550.0,0.778,2.142,0.9162907318741551,26.0,1.0986122886681098,9.4,2,80.0,130.0,22.0,15.0,4
8.5,0,2,5,18,5.780743515792329,16433.0,8.0,13.0,275.0,550.0,0.813,2.014,1.3862943611198906,30.0,1.1631508098056809,9.4,2,85.0,140.0,19.0,13.5,4
8.5,0,2,5,18,5.241747015059643,16689.5,8.0,13.0,550.0,550.0,0.884,1.894,0.0,40.0,0.9162907318741551,9.4,2,80.0,145.0,18.0,14.0,0
8.5,0,3,5,18,4.499809670330265,17182.5,3.0,0.0,550.0,565.0,0.601,4.249,0.6931471805599453,40.0,2.1162555148025524,9.4,2,80.0,110.0,25.0,12.5,1
8.5,0,3,5,17,6.561030665896573,17182.5,3.0,0.0,550.0,565.0,0.601,4.249,0.6931471805599453,40.0,2.1162555148025524,9.4,2,80.0,110.0,25.0,12.5,1
8.5,0,2,5,17,5.267858159063328,17874.0,8.0,13.0,275.0,550.0,1.21,1.011,0.0,35.0,1.5040773967762742,9.4,2,80.0,120.0,20.0,14.0,4
8.5,0,2,5,0,5.971261839790462,17874.0,8.0,13.0,275.0,550.0,1.21,1.011,0.0,35.0,1.5040773967762742,9.4,2,80.0,120.0,20.0,14.0,4
8.5,0,2,5,0,3.4011973816621555,18243.5,8.0,13.0,550.0,550.0,1.3,0.875,2.302585092994046,24.0,2.5572273113676265,9.4,2,80.0,120.0,17.0,14.0,2
8.5,0,2,5,8,4.812184355372417,18243.5,8.0,13.0,550.0,550.0,1.3,0.875,2.302585092994046,24.0,2.5572273113676265,9.4,2,80.0,120.0,17.0,14.0,2
36.0,0,3,4,15,4.442651256490317,87.5,3.0,0.0,300.0,550.0,2.605,0.003,2.302585092994046,15.0,2.5649493574615367,8.5,2,60.0,60.0,5.0,4.0,4
26.0,0,2,4,15,5.811140992976701,1270.0,6.0,19.0,276.0,460.0,0.663,0.047,1.791759469228055,35.0,3.380994674344636,8.5,1,100.0,115.0,16.0,5.0,4
26.0,0,2,4,9,6.914730892718563,1270.0,6.0,19.0,276.0,460.0,0.663,0.047,1.791759469228055,35.0,3.380994674344636,8.5,1,100.0,115.0,16.0,5.0,4
26.0,0,2,4,16,6.844815479208263,1270.0,6.0,19.0,276.0,460.0,0.663,0.047,1.791759469228055,35.0,3.380994674344636,8.5,1,100.0,115.0,16.0,5.0,4
18.5,0,2,4,16,5.480638923341991,3433.5,8.0,19.0,900.0,970.0,0.923,1.403,1.6094379124341003,35.0,3.4307561839036995,9.1,1,30.0,120.0,20.0,3.0,4
18.5,0,2,4,1,7.499423290592229,3433.5,8.0,19.0,900.0,970.0,0.923,1.403,1.6094379124341003,35.0,3.4307561839036995,9.1,1,30.0,120.0,20.0,3.0,4
18.5,0,2,4,1,4.060443010546419,5093.5,8.0,19.0,900.0,950.0,1.089,1.16,1.0986122886681098,28.0,3.817712325956905,9.1,1,80.0,150.0,16.0,2.0,4
18.5,0,2,4,2,6.35088571671474,5093.5,8.0,19.0,900.0,950.0,1.089,1.16,1.0986122886681098,28.0,3.817712325956905,9.1,1,80.0,150.0,16.0,2.0,4
18.5,0,2,4,3,5.834810737062605,5093.5,8.0,19.0,900.0,950.0,1.089,1.16,1.0986122886681098,28.0,3.817712325956905,9.1,1,80.0,150.0,16.0,2.0,4
18.5,0,2,4,4,5.308267697401205,5093.5,8.0,19.0,900.0,950.0,1.089,1.16,1.0986122886681098,28.0,3.817712325956905,9.1,1,80.0,150.0,16.0,2.0,4
18.5,0,2,4,5,4.584967478670572,5093.5,8.0,19.0,900.0,950.0,1.089,1.16,1.0986122886681098,28.0,3.817712325956905,9.1,1,80.0,150.0,16.0,2.0,4
14.75,0,2,4,5,6.779921907472252,6170.0,6.0,19.0,800.0,938.0,0.994,2.0,2.70805020110221,50.0,2.91235066461494,10.1,1,120.0,180.0,18.0,2.0,4
14.75,0,2,4,5,6.46302945692067,7138.0,8.0,19.0,940.0,1000.0,1.203,2.41,2.995732273553991,55.0,2.7788192719904172,10.7,1,120.0,175.0,20.0,2.0,2
14.75,0,2,4,6,5.342334251964811,7138.0,8.0,19.0,940.0,1000.0,1.203,2.41,2.995732273553991,55.0,2.7788192719904172,10.7,1,120.0,175.0,20.0,2.0,2
14.75,0,2,3,5,5.327876168789581,7138.0,8.0,19.0,940.0,1000.0,1.203,2.41,2.995732273553991,55.0,2.7788192719904172,10.7,1,120.0,175.0,20.0,2.0,2
14.75,0,2,3,5,6.315358001522335,8030.0,8.0,19.0,900.0,1000.0,1.503,1.24,2.70805020110221,55.0,2.0149030205422647,11.8,1,100.0,180.0,11.0,2.0,4
14.75,0,2,3,5,5.1647859739235145,8030.0,8.0,19.0,900.0,1000.0,1.503,1.24,2.70805020110221,55.0,2.0149030205422647,11.8,1,100.0,180.0,11.0,2.0,4
14.75,0,0,3,5,5.655991810819852,8721.0,3.0,16.0,900.0,940.0,1.197,1.72,3.6888794541139363,70.0,2.388762789235098,12.0,1,100.0,140.0,12.0,5.0,1
14.75,0,0,3,6,5.579729825986222,8721.0,3.0,16.0,900.0,940.0,1.197,1.72,3.6888794541139363,70.0,2.388762789235098,12.0,1,100.0,140.0,12.0,5.0,1
14.75,0,0,1,5,4.634728988229636,8721.0,3.0,16.0,900.0,940.0,1.197,1.72,3.6888794541139363,70.0,2.388762789235098,12.0,1,100.0,140.0,12.0,5.0,1
14.75,0,2,1,5,6.754604099487962,9477.0,6.0,16.0,900.0,940.0,1.58,1.72,3.8066624897703196,65.0,1.7749523509116738,12.0,1,150.0,160.0,12.5,7.0,4
14.75,0,0,1,5,6.669498089857879,10300.0,3.0,16.0,850.0,900.0,1.565,1.52,3.8066624897703196,70.0,2.0794415416798357,12.1,1,85.0,120.0,13.0,10.0,1
14.75,0,2,1,5,5.958424693029782,11062.0,6.0,16.0,650.0,900.0,1.571,1.12,3.2188758248682006,55.0,1.7404661748405046,12.8,1,100.0,160.0,16.0,8.0,4
14.75,0,2,1,6,5.855071922202427,11062.0,6.0,16.0,650.0,900.0,1.571,1.12,3.2188758248682006,55.0,1.7404661748405046,12.8,1,100.0,160.0,16.0,8.0,4
14.75,0,2,1,6,5.796057750765372,11965.0,8.0,19.0,650.0,900.0,1.61,1.12,3.2188758248682006,47.0,2.5952547069568657,12.8,1,120.0,150.0,18.0,8.0,4
14.75,0,2,1,7,6.608000625296087,11965.0,8.0,19.0,650.0,900.0,1.61,1.12,2.302585092994046,47.0,2.5952547069568657,12.8,1,120.0,150.0,18.0,8.0,4
10.625,0,3,1,7,2.70805020110221,12507.5,3.0,0.0,600.0,750.0,0.738,3.82,1.6094379124341003,45.0,1.3609765531356006,13.3,2,60.0,100.0,9.0,7.0,4
10.625,0,2,1,7,5.393627546352362,13426.5,7.0,16.0,680.0,680.0,0.738,3.82,2.70805020110221,40.0,2.766319109226186,13.6,1,100.0,145.0,16.0,8.0,4
10.625,0,2,0,7,7.025538314638521,13426.5,7.0,16.0,680.0,680.0,0.738,3.82,2.70805020110221,40.0,2.766319109226186,13.6,1,100.0,145.0,16.0,8.0,4
10.625,0,2,0,8,5.8944028342648505,13426.5,7.0,16.0,680.0,680.0,0.738,3.82,2.70805020110221,40.0,2.766319109226186,13.6,1,100.0,145.0,16.0,8.0,4
10.625,0,2,0,19,3.9512437185814275,13426.5,7.0,16.0,680.0,680.0,0.738,3.82,2.70805020110221,40.0,2.766319109226186,13.6,1,100.0,145.0,16.0,8.0,4
10.625,0,2,0,18,4.143134726391533,13426.5,7.0,16.0,680.0,680.0,0.738,3.82,2.70805020110221,40.0,2.766319109226186,13.6,1,100.0,145.0,16.0,8.0,4
10.625,0,2,0,18,3.7612001156935624,14359.5,7.0,16.0,680.0,680.0,0.738,3.82,2.995732273553991,25.0,1.6863989535702288,13.6,1,95.0,135.0,12.0,8.0,4
8.5,0,2,0,18,4.532599493153256,14506.5,8.0,13.0,450.0,600.0,0.813,2.6,1.6094379124341003,33.0,1.6094379124341003,8.4,2,90.0,140.0,12.0,6.0,4
8.5,0,2,2,7,3.784189633918261,14506.5,8.0,13.0,450.0,600.0,0.813,2.6,1.6094379124341003,33.0,1.6094379124341003,8.4,2,90.0,140.0,12.0,6.0,4
8.5,0,2,2,8,4.736198448394496,14506.5,8.0,13.0,450.0,600.0,0.813,2.6,1.6094379124341003,33.0,1.6094379124341003,8.4,2,90.0,140.0,12.0,6.0,4
8.5,0,2,2,8,7.357556200910353,15416.0,7.0,16.0,480.0,400.0,0.773,3.0,2.302585092994046,40.0,3.7932394694381792,9.5,1,110.0,155.0,14.0,7.0,4
8.5,1,2,2,8,5.075173815233827,16500.0,7.0,16.0,600.0,640.0,0.773,3.0,2.4849066497880004,40.0,2.7212954278522306,10.9,1,110.0,135.0,13.0,7.0,4
8.5,1,2,2,7,5.739792912179234,16500.0,7.0,16.0,600.0,640.0,0.773,3.0,2.4849066497880004,40.0,2.7212954278522306,10.9,1,110.0,135.0,13.0,7.0,4
8.5,1,2,2,8,4.859812404361672,16500.0,7.0,16.0,600.0,640.0,0.773,3.0,2.4849066497880004,40.0,2.7212954278522306,10.9,1,110.0,135.0,13.0,7.0,4
8.5,0,2,2,8,6.687108607866515,17202.5,6.0,16.0,600.0,620.0,0.773,3.0,2.4849066497880004,32.0,3.068052935133617,11.0,1,110.0,135.0,13.0,7.0,4
8.5,0,2,2,18,1.0986122886681098,17202.5,6.0,16.0,600.0,620.0,0.773,3.0,2.4849066497880004,32.0,3.068052935133617,11.0,1,110.0,135.0,13.0,7.0,4
8.5,4,2,2,18,3.2188758248682006,17605.0,7.0,16.0,600.0,640.0,1.63,3.0,2.302585092994046,30.0,2.3204250111223765,11.1,2,100.0,130.0,13.0,9.0,4
6.0,0,2,2,18,5.278114659230517,17703.0,6.0,13.0,200.0,250.0,0.907,1.2,2.302585092994046,20.0,1.1314021114911006,8.3,0,162.0,202.0,13.0,7.0,4
6.0,0,2,2,18,4.007333185232471,17828.5,6.0,13.0,250.0,280.0,0.907,1.2,1.6094379124341003,11.0,0.7419373447293773,8.4,0,177.0,195.0,13.0,7.0,4
6.0,0,2,2,18,5.4116460518550396,17977.5,6.0,13.0,250.0,270.0,0.907,1.2,1.6094379124341003,11.0,1.410986973710262,8.3,0,120.0,130.0,13.0,7.0,4
6.0,0,2,2,17,2.9444389791664403,17977.5,6.0,13.0,250.0,270.0,0.907,1.2,1.6094379124341003,11.0,1.410986973710262,8.3,0,120.0,130.0,13.0,7.0,4
6.0,0,2,2,0,6.302618975744905,18384.0,6.0,13.0,250.0,270.0,0.907,1.2,1.6094379124341003,18.0,1.840549633397487,9.8,1,80.0,150.0,13.0,7.0,4
6.0,0,2,2,0,3.1780538303479458,18384.0,6.0,13.0,250.0,270.0,0.907,1.2,1.6094379124341003,18.0,1.840549633397487,9.8,1,80.0,150.0,13.0,7.0,4
6.0,0,2,2,0,5.221436322212079,18669.0,6.0,13.0,250.0,270.0,0.907,1.2,1.5260563034950492,15.6,1.5260563034950492,9.8,1,102.0,142.0,12.8,7.0,4
6.0,1,2,2,0,5.332718793265369,18772.5,6.0,13.0,250.0,270.0,0.907,1.2,1.6094379124341003,11.0,1.0647107369924282,9.8,0,120.0,130.0,13.0,7.0,4
6.0,0,2,2,0,3.6635616461296463,18895.5,6.0,13.0,250.0,270.0,0.796,1.2,1.6094379124341003,11.0,1.589235205116581,9.8,1,110.0,130.0,13.0,7.0,4
6.0,1,2,2,0,4.700480365792417,19013.5,6.0,13.0,250.0,270.0,0.796,1.2,1.0986122886681098,20.0,0.9555114450274363,9.8,1,120.0,150.0,12.0,7.0,4
6.0,1,2,2,12,4.465908118654584,19013.5,6.0,13.0,250.0,270.0,0.796,1.2,1.0986122886681098,20.0,0.9555114450274363,9.8,1,120.0,150.0,12.0,7.0,4
6.0,0,2,2,12,3.871201010907891,19223.5,6.0,13.0,240.0,257.0,0.907,1.2,1.0986122886681098,15.0,1.308332819650179,9.8,1,120.0,145.0,11.0,8.0,4
6.0,0,2,2,13,3.5553480614894135,19223.5,6.0,13.0,240.0,257.0,0.907,1.2,1.0986122886681098,15.0,1.308332819650179,9.8,1,120.0,145.0,11.0,8.0,4
6.0,0,2,5,8,4.941642422609304,19223.5,6.0,13.0,240.0,257.0,0.907,1.2,1.0986122886681098,15.0,1.308332819650179,9.8,1,120.0,145.0,11.0,8.0,4
6.0,1,2,5,8,4.804021044733257,19568.5,6.0,13.0,250.0,270.0,0.796,1.2,1.6094379124341003,16.0,1.9021075263969205,9.8,2,120.0,150.0,13.0,7.0,4
6.0,1,2,5,8,5.043425116919247,19568.5,6.0,13.0,250.0,270.0,0.796,1.2,1.6094379124341003,16.0,1.9021075263969205,9.8,2,120.0,150.0,13.0,7.0,4
6.0,1,2,5,19,5.247024072160486,19568.5,6.0,13.0,250.0,270.0,0.796,1.2,1.6094379124341003,16.0,1.9021075263969205,9.8,2,120.0,150.0,13.0,7.0,4
6.0,0,2,5,19,2.0794415416798357,19806.0,6.0,13.0,250.0,250.0,0.748,0.48,1.0986122886681098,12.0,1.252762968495368,9.9,1,120.0,140.0,12.0,11.0,4
6.0,1,2,5,19,3.091042453358316,19899.0,6.0,13.0,202.0,235.0,0.907,0.48,1.3862943611198906,20.0,0.9555114450274363,10.0,1,10.0,140.0,13.0,9.0,4
6.0,1,2,5,18,5.049856007249537,19899.0,6.0,13.0,202.0,235.0,0.907,0.48,1.3862943611198906,20.0,0.9555114450274363,10.0,1,10.0,140.0,13.0,9.0,4
6.0,0,2,5,18,5.420534999272286,20122.5,6.0,13.0,250.0,280.0,0.907,0.33,1.0986122886681098,22.0,1.1314021114911006,10.0,2,100.0,150.0,11.0,9.0,4
6.0,0,2,5,17,3.7612001156935624,20278.5,6.0,16.0,280.0,280.0,0.663,1.2,1.6094379124341003,17.0,1.9315214116032138,10.0,2,130.0,140.0,11.0,9.0,4
26.0,0,0,4,10,4.2626798770413155,1282.0,3.0,19.0,880.0,930.0,0.994,0.62,2.302585092994046,50.0,3.8776385785663154,8.7,1,40.0,140.0,15.0,5.0,1
26.0,0,0,4,5,4.007333185232471,1282.0,3.0,19.0,880.0,930.0,0.994,0.62,2.302585092994046,50.0,3.8776385785663154,8.7,1,40.0,140.0,15.0,5.0,1
26.0,0,0,4,6,7.6638772587034705,1282.0,3.0,19.0,880.0,930.0,0.994,0.62,2.302585092994046,50.0,3.8776385785663154,8.7,1,40.0,140.0,15.0,5.0,1
18.5,0,2,3,6,7.333023014386481,4471.5,8.0,19.0,900.0,950.0,1.078,1.56,3.5553480614894135,55.0,4.0975062255596795,9.7,1,65.0,160.0,15.0,6.0,2
18.5,0,2,3,7,7.860570785538664,4471.5,8.0,19.0,900.0,950.0,1.078,1.56,3.5553480614894135,55.0,4.0975062255596795,9.7,1,65.0,160.0,15.0,6.0,2
14.75,0,2,3,7,7.738488122494646,7995.5,9.0,19.0,800.0,950.0,1.131,1.91,2.302585092994046,50.0,4.021773869387265,10.8,1,40.0,150.0,15.0,10.0,1
14.75,0,2,3,8,6.4457198193855785,7995.5,9.0,19.0,800.0,950.0,1.131,1.91,2.302585092994046,50.0,4.021773869387265,10.8,1,40.0,150.0,15.0,10.0,1
14.75,1,2,3,8,6.066108090103747,9673.5,9.0,19.0,880.0,930.0,1.178,1.82,2.70805020110221,35.0,3.370738174177447,12.2,1,80.0,145.0,14.0,10.0,1
14.75,4,2,3,8,5.5254529391317835,10527.0,9.0,19.0,900.0,900.0,1.178,1.439,2.70805020110221,45.0,3.6988297849671046,12.4,1,90.0,145.0,16.0,7.0,1
14.75,4,2,1,8,6.932447891572509,10527.0,9.0,19.0,900.0,900.0,1.178,1.439,2.70805020110221,45.0,3.6988297849671046,12.4,1,90.0,145.0,16.0,7.0,1
10.625,0,2,1,18,4.343805421853684,11203.5,8.0,13.0,650.0,650.0,0.65,2.23,2.302585092994046,46.0,1.449269160281279,12.9,1,60.0,110.0,10.0,4.0,1
10.625,0,3,1,18,5.568344503761097,11373.0,3.0,0.0,750.0,750.0,0.565,5.05,2.302585092994046,40.0,2.644044871126298,8.4,2,50.0,100.0,11.0,4.0,1
10.625,0,3,1,18,4.941642422609304,11574.0,3.0,0.0,750.0,750.0,0.565,5.05,0.6931471805599453,35.0,2.096790180014449,8.4,2,60.0,115.0,8.5,4.0,1
10.625,0,2,1,18,5.159055299214529,11731.0,9.0,13.0,650.0,700.0,0.557,5.6,2.302585092994046,45.0,1.4838746894587547,8.4,2,80.0,120.0,10.0,5.0,0
10.625,0,3,1,18,3.9318256327243257,11848.5,3.0,0.0,750.0,355.0,0.565,5.05,1.791759469228055,40.0,1.8082887711792655,8.4,2,55.0,115.0,10.0,4.0,1
10.625,0,3,1,17,2.302585092994046,11848.5,3.0,0.0,712.5,355.0,0.565,5.05,1.749199854809259,40.0,1.8082887711792655,8.4,2,56.25,115.0,10.0,4.0,1
10.625,0,2,1,17,5.746203190540153,12035.5,7.0,16.0,700.0,700.0,0.773,3.3,1.3862943611198906,35.0,2.028148247292285,9.5,1,80.0,130.0,8.0,7.0,4
10.625,0,2,1,17,6.612041034833092,12564.0,7.0,16.0,700.0,700.0,0.773,3.3,1.6094379124341003,35.0,2.714694743820879,9.5,1,80.0,130.0,12.0,6.0,0
10.625,0,2,1,0,2.9444389791664403,12564.0,7.0,16.0,700.0,700.0,0.773,3.3,1.6094379124341003,35.0,2.714694743820879,9.5,1,80.0,130.0,12.0,6.0,0
8.5,0,2,1,0,5.648974238161206,13078.0,7.0,16.0,279.0,553.0,0.537,0.7,1.6094379124341003,35.0,1.5260563034950492,9.7,2,60.0,120.0,10.0,5.0,2
8.5,0,2,1,0,5.831882477283517,13390.5,7.0,16.0,265.0,522.0,0.464,0.7,0.6931471805599453,35.0,1.4586150226995167,8.2,2,81.0,140.0,9.0,6.0,0
8.5,0,2,1,0,5.278114659230517,13663.0,8.0,13.0,256.0,520.0,0.614,0.45,1.7676619176489945,30.0,1.410986973710262,8.2,2,75.42857142857143,125.0,7.0,5.0,4
8.5,0,2,1,14,2.0794415416798357,13663.0,8.0,13.0,256.0,520.0,0.614,0.45,2.2512917986064953,30.0,1.410986973710262,8.2,2,78.0,125.0,7.0,5.0,4
8.5,0,2,1,14,5.5053315359323625,13888.0,7.0,16.0,560.0,560.0,0.569,0.5,2.2512917986064953,35.0,1.7047480922384253,8.2,1,78.0,125.0,7.0,4.0,4
8.5,0,2,1,14,5.389071729816501,14120.5,7.0,13.0,560.0,600.0,0.557,4.3,2.70805020110221,30.0,1.8082887711792655,8.2,2,90.0,120.0,8.0,6.0,0
8.5,0,2,1,14,4.574710978503383,14278.5,8.0,13.0,600.0,600.0,0.614,4.4,2.2512917986064953,45.0,0.9162907318741551,8.2,2,78.0,115.0,9.0,7.0,1
8.5,0,2,1,14,5.288267030694535,14426.0,8.0,13.0,300.0,550.0,0.557,2.4,1.6094379124341003,35.0,1.3862943611198906,8.3,2,90.0,130.0,9.0,7.0,4
8.5,0,2,1,14,4.02535169073515,14602.5,8.0,13.0,300.0,600.0,0.557,5.5,2.2512917986064953,30.0,1.6094379124341003,8.4,2,50.0,135.0,8.5,7.0,4
8.5,0,2,1,11,4.59511985013459,14602.5,8.0,13.0,300.0,600.0,0.557,5.5,2.017700225163326,30.0,1.6094379124341003,8.4,2,50.0,135.0,8.5,7.0,4
