,Well,Size,Bit_Number,Re_Run,Reference,Type,Structure,Formation,Footage,Depth in,Depth out,Depth Average,Blades,Cutter size,Min Flow Rate,Max Flow Rate,TFA,HSI,Min WOB,Max WOB,ROP,Mud Weight,Drive_System,Min_RPM,Max_RPM,Torque Max,Torque Min,Manufacturer
0,Florida 7,36.0,1,N,L3A,Tricone,Anticlinal N,C5,82.00000000000001,49,131,90.0,3.0,0.0,430.0,430.0,4.712,0.0014506581151991075,4.999999999999999,13.0,10.1,8.5,Rotary,60.0,80.0,5.0,3.0,Varel
1,Florida 7,26.0,2,N,T43,Tricone,Anticlinal N,C5,15.0,131,146,138.5,3.0,0.0,540.0,540.0,1.199,0.08506903132329459,17.999999999999996,23.0,8.3,8.5,Rotary,48.0,48.0,15.0,2.0,Hycalog
2,Florida 7,26.0,2,R,T43,Tricone,Anticlinal N,C5,709.0,146,1402,774.0,3.0,0.0,580.0,800.0,1.199,0.5,24.999999999999996,78.0,11.289999999999997,8.5,RSS,47.0,73.0,15.0,2.0,Hycalog
3,Florida 7,26.0,2,R,T43,Tricone,Anticlinal N,C6,547.0,146,1402,774.0,3.0,0.0,580.0,800.0,1.199,0.5,24.999999999999996,78.0,11.289999999999997,8.5,RSS,47.0,73.0,15.0,2.0,Hycalog
4,Florida 7,26.0,3,N,GTX-CM03,Tricone,Anticlinal N,C6,438.0000000000001,1402,2241,1821.5,3.0,0.0,900.0,1050.0,0.942,0.842,40.0,55.0,14.320000000000002,9.6,RSS,144.0,168.0,15.0,2.0,Hughes
5,Florida 7,26.0,3,N,GTX-CM03,Tricone,Anticlinal M,C5,319.99999999999994,1402,2241,1821.5,3.0,0.0,900.0,1050.0,0.942,0.842,40.0,55.0,14.320000000000002,9.6,RSS,144.0,168.0,15.0,2.0,Hughes
6,Florida 7,26.0,3,N,GTX-CM03,Tricone,Anticlinal M,C6,81.00000000000003,1402,2241,1821.5,3.0,0.0,900.0,1050.0,0.942,0.842,40.0,55.0,14.320000000000002,9.6,RSS,144.0,168.0,15.0,2.0,Hughes
7,Florida 7,18.5,4,N,RSR819M-A1,PDC,Anticlinal M,C6,1165.9999999999998,2241,3407,2824.0,8.0,19.0,750.0,850.0,1.988,0.303,4.0,12.0,32.03,9.8,RSS,120.0,136.0,15.0,6.0,Hycalog
8,Florida 7,18.5,4,R,RSR819M-A1,PDC,Anticlinal M,C6,1113.0000000000002,3407,5422,4414.5,8.0,19.0,850.0,900.0,1.988,0.304,7.999999999999998,35.0,34.14999999999999,9.8,RSS,136.0,144.0,15.0,6.0,Hycalog
9,Florida 7,18.5,4,R,RSR819M-A1,PDC,Anticlinal M,C7,870.0000000000002,3407,5422,4414.5,8.0,19.0,850.0,900.0,1.988,0.304,7.999999999999998,35.0,34.14999999999999,9.8,RSS,136.0,144.0,15.0,6.0,Hycalog
10,Florida 7,18.5,5,N,HCM606ZX,PDC,Anticlinal M,C6,304.00000000000006,5422,5853,5637.5,6.0,19.0,850.0,900.0,2.24,0.29,7.999999999999998,25.0,17.589999999999996,9.8,RSS,136.0,144.0,15.0,6.0,Hughes
11,Florida 7,18.5,5,N,HCM606ZX,PDC,Anticlinal M,C7,126.99999999999999,5422,5853,5637.5,6.0,19.0,850.0,900.0,2.24,0.29,7.999999999999998,25.0,17.589999999999996,9.8,RSS,136.0,144.0,15.0,6.0,Hughes
12,Florida 7,18.5,5,R,HCM606ZX,PDC,Anticlinal M,C7,597.0000000000001,5853,6450,6151.5,6.0,19.0,850.0,900.0,2.24,0.29,7.999999999999998,25.0,9.000000000000002,10.0,RSS,136.0,140.0,15.0,6.0,Hughes
13,Florida 7,14.75,6,N,GTX CMSG3,Tricone,Anticlinal M,C7,4.0,6450,6454,6452.0,3.0,0.0,500.0,860.0,1.875,0.44,4.999999999999999,25.0,1.0,10.5,Rotary,50.0,80.0,7.0,5.0,Hughes
14,Florida 7,14.75,7,N,QD 609ZX,PDC,Anticlinal M,C7,253.00000000000003,6454,8631,7542.5,9.0,19.0,800.0,850.0,1.491,0.964,4.999999999999999,25.0,40.39,10.8,RSS,100.0,100.0,15.0,8.0,Hughes
15,Florida 7,14.75,7,N,QD 609ZX,PDC,Anticlinal M,C8,1924.0000000000002,6454,8631,7542.5,9.0,19.0,800.0,850.0,1.491,0.964,4.999999999999999,25.0,40.39,10.8,RSS,100.0,100.0,15.0,8.0,Hughes
16,Florida 7,14.75,7,RR,QD609Z,PDC,Anticlinal M,C7,1604.0000000000005,8631,10927,9779.0,9.0,19.0,850.0,850.0,1.491,0.973,4.999999999999999,40.0,23.600000000000005,11.1,RSS,80.0,140.0,14.0,8.0,Hughes
17,Florida 7,14.75,7,RR,QD609Z,PDC,Anticlinal M,C8,598.9999999999999,8631,10927,9779.0,9.0,19.0,850.0,850.0,1.491,0.973,4.999999999999999,40.0,23.600000000000005,11.1,RSS,80.0,140.0,14.0,8.0,Hughes
18,Florida 7,14.75,7,RR,QD609Z,PDC,Anticlinal F,C7,93.00000000000003,8631,10927,9779.0,9.0,19.0,850.0,850.0,1.491,0.973,4.999999999999999,40.0,23.600000000000005,11.1,RSS,80.0,140.0,14.0,8.0,Hughes
19,Florida 7,14.75,8,N,QD609ZX,PDC,Anticlinal F,C7,53.00000000000001,10927,12279,11603.0,9.0,19.0,830.0,830.0,1.491,0.93,15.0,32.0,19.020000000000003,11.8,RSS,80.0,130.0,17.0,10.0,Hughes
20,Florida 7,14.75,8,N,QD609ZX,PDC,Anticlinal F,C8,1277.9999999999998,10927,12279,11603.0,9.0,19.0,830.0,830.0,1.491,0.93,15.0,32.0,19.020000000000003,11.8,RSS,80.0,130.0,17.0,10.0,Hughes
21,Florida 7,14.75,8,N,QD609ZX,PDC,Anticlinal F,Mirador,21.0,10927,12279,11603.0,9.0,19.0,830.0,830.0,1.491,0.93,15.0,32.0,19.020000000000003,11.8,RSS,80.0,130.0,17.0,10.0,Hughes
22,Florida 7,10.625,9,N,QD408FX,PDC,Anticlinal F,Mirador,147.99999999999994,12279,12427,12353.0,8.0,13.0,410.0,650.0,1.571,0.641,4.999999999999999,47.0,3.5,11.9,RSS,50.0,100.0,13.37,3.5,Hughes
23,Florida 7,10.625,10,N,FMH3953ZR,PDC,Anticlinal F,Mirador,36.0,12427,12463,12445.0,9.0,16.0,600.0,608.0,1.988,0.315,4.999999999999999,45.0,1.5,9.5,RSS,54.0,92.0,12.0,9.5,Security
24,Florida 7,10.625,11,N,HH378,Impregnated,Anticlinal F,Mirador,130.99999999999994,12463,12594,12528.5,18.0,0.0,600.0,600.0,1.94,0.315,4.999999999999999,20.0,1.85,9.5,RSS,160.0,194.0,10.7,9.0,Hughes
25,Florida 7,10.625,12,N,MDSi813LBPXX,PDC,Anticlinal F,Mirador,159.99999999999994,12594,12754,12674.0,8.0,13.0,600.0,600.0,1.98,0.315,10.000000000000002,30.0,1.63,9.5,RSS,60.0,80.0,12.0,8.0,Smith
26,Florida 7,10.625,13,N,FXD94i,PDC,Anticlinal F,Mirador,138.00000000000006,12754,12903,12828.5,9.0,13.0,550.0,600.0,1.703,0.429,10.000000000000002,30.0,1.3,9.5,RSS,55.0,120.0,10.0,8.0,Security
27,Florida 7,10.625,13,N,FXD94i,PDC,Anticlinal F,Los Cuervos,11.000000000000002,12754,12903,12828.5,9.0,13.0,550.0,600.0,1.703,0.429,10.000000000000002,30.0,1.3,9.5,RSS,55.0,120.0,10.0,8.0,Security
28,Florida 7,10.625,14,N,FXD75DM,PDC,Anticlinal F,Los Cuervos,414.99999999999983,12903,13318,13110.5,7.0,16.0,550.0,650.0,1.706,0.558,7.999999999999998,35.0,4.1,9.5,RSS,60.0,120.0,10.5,9.5,Security
29,Florida 7,10.625,15,N,QD507HX,PDC,Anticlinal F,Los Cuervos,245.0000000000001,13318,13586,13452.0,7.0,16.0,630.0,650.0,1.74,0.45,2.0,25.0,7.2,9.7,RSS,70.0,100.0,13.0,9.0,Hughes
30,Florida 7,10.625,15,N,QD507HX,PDC,Anticlinal F,Barco,23.0,13318,13586,13452.0,7.0,16.0,630.0,650.0,1.74,0.45,2.0,25.0,7.2,9.7,RSS,70.0,100.0,13.0,9.0,Hughes
31,Florida 7,8.5,16,R,FMH3943ZR,PDC,Anticlinal F,Barco,6.999999999999999,13586,13593,13589.5,9.0,13.0,600.0,608.0,1.178,1.315,4.999999999999999,45.0,8.8,9.5,Rotary,92.0,92.0,9.5,12.0,Security
32,Florida 7,8.5,19,N,Q408FX,PDC,Anticlinal F,Barco,299.99999999999994,13755,14055,13905.0,8.0,13.0,450.0,450.0,1.212,0.338,6.0,30.0,3.65,8.2,RSS,55.0,100.0,13.0,11.0,Hughes
33,Florida 7,8.5,20,N,Q408FX,PDC,Anticlinal F,Barco,76.0,14055,14275,14165.0,8.0,13.0,450.0,450.0,1.211,0.43,7.999999999999998,26.0,3.3799999999999994,8.2,RSS,80.0,120.0,15.0,12.0,Hughes
34,Florida 7,8.5,20,N,Q408FX,PDC,Anticlinal F,Guadalupe,144.0,14055,14275,14165.0,8.0,13.0,450.0,450.0,1.211,0.43,7.999999999999998,26.0,3.3799999999999994,8.2,RSS,80.0,120.0,15.0,12.0,Hughes
35,Florida 7,8.5,21,N,MSi813WUPX,PDC,Anticlinal F,Guadalupe,29.000000000000004,14311,14554,14432.5,8.0,13.0,450.0,465.0,0.973,0.85,10.000000000000002,26.0,2.79,8.2,RSS,80.0,95.0,15.0,12.0,Smith
36,Florida 7,8.5,21,N,MSi813WUPX,PDC,Anticlinal F,Barco,213.99999999999994,14311,14554,14432.5,8.0,13.0,450.0,465.0,0.973,0.85,10.000000000000002,26.0,2.79,8.2,RSS,80.0,95.0,15.0,12.0,Smith
37,Florida 7,8.5,23,N,Q408FX,PDC,Anticlinal F,Barco,76.0,14570,14666,14618.0,8.0,13.0,420.0,465.0,0.982,0.7309172785888888,4.999999999999999,22.0,2.8,8.2,RSS,80.0,120.0,15.0,11.4,Hughes
38,Florida 7,8.5,23,N,Q408FX,PDC,Anticlinal F,Los Cuervos,19.999999999999996,14570,14666,14618.0,8.0,13.0,420.0,465.0,0.982,0.7309172785888888,4.999999999999999,22.0,2.8,8.2,RSS,80.0,120.0,15.0,11.4,Hughes
39,Florida 7,6.0,24,RR,DSR713M,PDC,Anticlinal F,Los Cuervos,13.0,14666,14679,14672.5,7.0,13.0,200.0,220.0,0.82,0.267,6.999999999999999,20.0,13.0,9.8,Rotary,68.0,68.0,9.3,9.7,Hycalog
40,Florida 7,6.0,24,R4,DSR713M,PDC,Anticlinal F,Los Cuervos,9.000000000000002,14682,14691,14686.5,7.0,13.0,150.0,400.0,0.819,1.78,4.999999999999999,10.0,4.24,9.8,Rotary,90.0,100.0,9.6,9.0,Hycalog
41,Florida 7,6.0,24,R5,DSR713M,PDC,Anticlinal F,Los Cuervos,169.0,14691,15272,14981.5,7.0,13.0,220.0,250.0,0.976,0.324,4.999999999999999,16.0,8.3,9.8,RSS,70.0,120.0,10.1,8.65,Hycalog
42,Florida 7,6.0,24,R5,DSR713M,PDC,Anticlinal F,C8,348.00000000000006,14691,15272,14981.5,7.0,13.0,220.0,250.0,0.976,0.324,4.999999999999999,16.0,8.3,9.8,RSS,70.0,120.0,10.1,8.65,Hycalog
43,Florida 7,6.0,24,R5,DSR713M,PDC,Anticlinal F,Mirador,63.99999999999998,14691,15272,14981.5,7.0,13.0,220.0,250.0,0.976,0.324,4.999999999999999,16.0,8.3,9.8,RSS,70.0,120.0,10.1,8.65,Hycalog
44,Florida 7,6.0,25,N,Q406HX,PDC,Anticlinal F,Mirador,101.99999999999996,15272,15374,15323.0,6.0,13.0,250.0,250.0,0.971,0.301,4.0,16.0,2.7,10.6,Rotary,80.0,100.0,11.0,11.5,Hughes
45,Florida 7,6.0,26,N,HHS352,Impregnated,Anticlinal F,Mirador,149.99999999999997,15374,15524,15449.0,12.0,8.0,250.0,250.0,1.087,0.3,1.0,6.0,1.67,10.6,RSS,30.0,50.0,9.95,9.6,Hughes
46,Florida 7,6.0,27,N,K505TBPXXC,Impregnated,Anticlinal F,Mirador,254.0,15524,15778,15651.0,12.0,5.0,200.0,212.0,0.5,1.0,2.0,7.0,3.44,10.6,Turbine,200.0,212.0,10.100000000000001,9.5,Smith
47,Florida 7,6.0,28,N,QD307F,PDC,Anticlinal F,Mirador,74.00000000000003,15778,15989,15883.5,7.0,11.0,250.0,270.0,2.14,0.07816700188025687,59.999999999999986,60.0,4.0,10.6,Turbine,185.0,185.0,10.56,9.79,Hughes
48,Florida 7,6.0,28,N,QD307F,PDC,Anticlinal F,C8,115.99999999999999,15778,15989,15883.5,7.0,11.0,250.0,270.0,2.14,0.07816700188025687,59.999999999999986,60.0,4.0,10.6,Turbine,185.0,185.0,10.56,9.79,Hughes
49,Florida 7,6.0,28,N,QD307F,PDC,Anticlinal P,C8,21.0,15778,15989,15883.5,7.0,11.0,250.0,270.0,2.14,0.07816700188025687,59.999999999999986,60.0,4.0,10.6,Turbine,185.0,185.0,10.56,9.79,Hughes
50,Florida 7,4.125,29,N,DSR711M,PDC,Anticlinal P,C8,414.99999999999983,15989,16465,16227.0,7.0,11.0,220.0,250.0,1.022,0.31,2.0,10.0,6.24,10.6,Motor,142.0,146.0,10.4,9.8,Hycalog
51,Florida 7,4.125,29,N,DSR711M,PDC,Anticlinal P,Mirador,61.00000000000001,15989,16465,16227.0,7.0,11.0,220.0,250.0,1.022,0.31,2.0,10.0,6.24,10.6,Motor,142.0,146.0,10.4,9.8,Hycalog
52,Florida 7,4.125,30,N,MSi613,PDC,Anticlinal P,Mirador,11.000000000000002,16465,16476,16470.5,6.0,13.0,250.0,293.0,0.778,0.52,2.0,10.0,4.58,10.6,Rotary,50.0,80.0,11.6,10.6,Smith
53,Florida 7,4.125,31,R,QD205FX,PDC,Anticlinal P,Mirador,74.00000000000003,16476,16550,16513.0,5.0,11.0,110.0,110.0,0.552,0.323,1.0,4.0,1.28,8.7,Rotary,50.0,80.0,10.2,4.6,Hughes
54,Florida 7,4.125,32,N,HHS158,PDC,Anticlinal P,Mirador,37.99999999999999,16550,16588,16569.0,8.0,11.0,100.0,107.0,0.79,0.06199045754166958,1.5,4.5,1.36,8.7,Motor,240.0,270.0,10.12,9.7,Hughes
55,Florida 7,4.125,33,N,QD205FX,PDC,Anticlinal P,Mirador,159.99999999999994,16588,16748,16668.0,5.0,11.0,103.0,108.0,0.648,0.09474339566469742,1.0,7.5,1.6,8.7,Motor,287.0,287.0,11.54,11.14,Hughes
56,Florida 7,4.125,34,N,QD205FX,PDC,Anticlinal P,Mirador,37.99999999999999,16748,16786,16767.0,5.0,11.0,103.0,106.0,0.648,0.0895767446297132,2.0,4.0,2.2,8.7,Motor,278.0,285.0,11.52,10.82,Hughes
57,Florida 7,4.125,35,N,QD205FX,PDC,Anticlinal P,Mirador,48.00000000000001,16786,16866,16826.0,5.0,11.0,90.0,108.0,0.65,0.0947024130083397,2.0,4.0,2.1,8.75,Motor,245.0,296.0,11.54,10.8,Hughes
58,Florida 7,4.125,35,N,QD205FX,PDC,Anticlinal P,Los Cuervos,32.0,16786,16866,16826.0,5.0,11.0,90.0,108.0,0.65,0.0947024130083397,2.0,4.0,2.1,8.75,Motor,245.0,296.0,11.54,10.8,Hughes
59,Peru Sur 8,26.0,1,N,GTX-C3MG1,Tricone,Anticlinal N,Colluvium,272.0000000000001,52,620,336.0,3.0,0.0,200.0,913.0,0.729,1.0,27.0,50.0,10.760000000000002,8.6,Rotary,30.0,90.0,15.0,2.0,Hughes
60,Peru Sur 8,26.0,1,N,GTX-C3MG1,Tricone,Anticlinal N,C2,295.99999999999994,52,620,336.0,3.0,0.0,200.0,913.0,0.729,1.0,27.0,50.0,10.760000000000002,8.6,Rotary,30.0,90.0,15.0,2.0,Hughes
61,Peru Sur 8,26.0,2,N,S819SPX,PDC,Anticlinal N,C2,59.999999999999986,620,1400,1010.0,8.0,19.0,760.0,766.0,0.928,0.42,6.999999999999999,15.0,9.87,8.9,RSS,90.0,130.0,10.0,3.0,Smith
62,Peru Sur 8,26.0,2,N,S819SPX,PDC,Anticlinal N,C3,518.9999999999999,620,1400,1010.0,8.0,19.0,760.0,766.0,0.928,0.42,6.999999999999999,15.0,9.87,8.9,RSS,90.0,130.0,10.0,3.0,Smith
63,Peru Sur 8,26.0,2,N,S819SPX,PDC,Anticlinal N,C4,173.00000000000006,620,1400,1010.0,8.0,19.0,760.0,766.0,0.928,0.42,6.999999999999999,15.0,9.87,8.9,RSS,90.0,130.0,10.0,3.0,Smith
64,Peru Sur 8,26.0,2,N,S819SPX,PDC,Anticlinal N,C5,27.999999999999996,620,1400,1010.0,8.0,19.0,760.0,766.0,0.928,0.42,6.999999999999999,15.0,9.87,8.9,RSS,90.0,130.0,10.0,3.0,Smith
65,Peru Sur 8,18.5,3,N,SKF819M,PDC,Anticlinal N,C5,2118.0000000000005,1400,3641,2520.5,8.0,19.0,880.0,915.0,1.003,1.5,10.000000000000002,50.0,19.320000000000004,9.3,RSS,80.0,140.0,14.0,3.0,Hycalog
66,Peru Sur 8,18.5,3,N,SKF819M,PDC,Anticlinal M,C8,114.00000000000003,1400,3641,2520.5,8.0,19.0,880.0,915.0,1.003,1.5,10.000000000000002,50.0,19.320000000000004,9.3,RSS,80.0,140.0,14.0,3.0,Hycalog
67,Peru Sur 8,18.5,3,N,SKF819M,PDC,Anticlinal M,Mirador,9.000000000000002,1400,3641,2520.5,8.0,19.0,880.0,915.0,1.003,1.5,10.000000000000002,50.0,19.320000000000004,9.3,RSS,80.0,140.0,14.0,3.0,Hycalog
68,Peru Sur 8,18.5,4,N,FT816,PDC,Anticlinal M,Mirador,177.99999999999997,3641,3819,3730.0,8.0,16.0,880.0,915.0,1.003,1.5,10.000000000000002,50.0,6.4,9.3,RSS,80.0,120.0,14.0,3.0,Hycalog
69,Peru Sur 8,18.5,5,N,GS30BDODVCRD,Tricone,Anticlinal M,Mirador,219.00000000000003,3819,4038,3928.5,3.0,0.0,900.0,950.0,1.022,1.52,15.0,40.0,4.13,9.3,RSS,80.0,120.0,6.0,2.0,Smith
70,Peru Sur 8,18.5,6,N,GS30BDODVCRD,Tricone,Anticlinal M,Mirador,378.0000000000001,4038,4416,4227.0,3.0,0.0,900.0,900.0,0.994,1.39,30.000000000000004,50.0,4.430000000000001,9.4,RSS,90.0,95.0,7.0,3.0,Smith
71,Peru Sur 8,18.5,7,N,MXL DS 20DX,Tricone,Anticlinal M,Mirador,171.99999999999994,4417,4589,4503.0,3.0,0.0,900.0,900.0,0.776,2.2,10.000000000000002,53.0,4.28,9.5,Rotary,80.0,110.0,7.0,4.0,Hughes
72,Peru Sur 8,18.5,4,R,FT816M,PDC,Anticlinal M,Mirador,521.0,4589,5110,4849.5,8.0,16.0,449.0,950.0,1.078,1.18,4.999999999999999,40.0,6.0,9.6,RSS,70.0,150.0,16.0,3.5,Hycalog
73,Peru Sur 8,18.5,8,N,GS30BDODVCRD,Tricone,Anticlinal M,Mirador,234.00000000000006,5110,5344,5227.0,3.0,0.0,750.0,850.0,0.994,1.14,30.000000000000004,55.0,3.13,9.8,Motor,106.0,128.0,6.666666666666667,3.0,Smith
74,Peru Sur 8,18.5,9,N,QD508FX,PDC,Anticlinal M,Mirador,274.00000000000006,5344,5655,5499.5,8.0,16.0,850.0,900.0,1.021,1.05,15.0,60.0,4.16,9.8,RSS,60.0,140.0,12.0,5.0,Hughes
75,Peru Sur 8,18.5,9,N,QD508FX,PDC,Anticlinal M,Los Cuervos,36.99999999999999,5344,5655,5499.5,8.0,16.0,850.0,900.0,1.021,1.05,15.0,60.0,4.16,9.8,RSS,60.0,140.0,12.0,5.0,Hughes
76,Peru Sur 8,18.5,10,N,FX76R,PDC,Anticlinal M,Los Cuervos,396.0,5655,6051,5853.0,7.0,19.0,900.0,900.0,0.928,1.5,4.999999999999999,62.0,7.2,9.9,RSS,80.0,140.0,15.0,4.0,Halliburton
77,Peru Sur 8,14.75,11,N,QD609Z,PDC,Anticlinal M,Los Cuervos,1121.0,6051,7186,6618.5,9.0,19.0,800.0,900.0,0.84,3.28,4.999999999999999,55.0,9.05,10.6,RSS,70.0,155.0,14.0,8.0,Hughes
78,Peru Sur 8,14.75,11,N,QD609Z,PDC,Anticlinal M,Mirador,13.999999999999996,6051,7186,6618.5,9.0,19.0,800.0,900.0,0.84,3.28,4.999999999999999,55.0,9.05,10.6,RSS,70.0,155.0,14.0,8.0,Hughes
79,Peru Sur 8,14.75,12,N,QD508FX,PDC,Anticlinal M,Mirador,230.00000000000006,7186,7416,7301.0,8.0,16.0,775.0,900.0,0.996,2.5,15.0,50.0,4.06,11.2,RSS,90.0,145.0,15.0,9.0,Hughes
80,Peru Sur 8,14.75,13,N,VM-DS28CGDX2,Tricone,Anticlinal M,Mirador,154.00000000000006,7416,7570,7493.0,3.0,0.0,775.0,850.0,0.994,1.58,49.99999999999999,60.0,1.57,11.3,Rotary,35.0,55.0,11.0,8.0,Hughes
81,Peru Sur 8,14.75,14,N,FXD84,PDC,Anticlinal M,Mirador,285.99999999999994,7570,7856,7713.0,8.0,13.0,753.0,852.0,1.037,2.0437,1.0,40.0,3.49,11.3,Rotary,40.0,145.0,15.0,8.5,Halliburton
82,Peru Sur 8,14.75,15,N,MSi616HSPX,PDC,Anticlinal M,Mirador,304.00000000000006,7856,8160,8008.0,6.0,16.0,770.0,800.0,1.037,1.76,1.0,50.0,2.26,11.3,Rotary,40.0,150.0,15.0,8.0,Smith
83,Peru Sur 8,14.75,16,N,RSFX1016M,PDC,Anticlinal M,Mirador,348.00000000000006,8160,8508,8334.0,10.0,16.0,750.0,850.0,0.994,1.841,4.999999999999999,42.0,2.43,11.3,Rotary,60.0,155.0,15.0,9.0,Hycalog
84,Peru Sur 8,14.75,17,N,QD609F,PDC,Anticlinal M,Mirador,104.99999999999997,8508,9835,9171.5,9.0,19.0,840.0,900.0,1.086,1.8,4.999999999999999,40.0,12.500000000000002,11.3,RSS,80.0,160.0,18.0,14.0,Hughes
85,Peru Sur 8,14.75,17,N,QD609F,PDC,Anticlinal M,C8,1098.9999999999998,8508,9835,9171.5,9.0,19.0,840.0,900.0,1.086,1.8,4.999999999999999,40.0,12.500000000000002,11.3,RSS,80.0,160.0,18.0,14.0,Hughes
86,Peru Sur 8,14.75,17,N,QD609F,PDC,Anticlinal M,C7,122.99999999999994,8508,9835,9171.5,9.0,19.0,840.0,900.0,1.086,1.8,4.999999999999999,40.0,12.500000000000002,11.3,RSS,80.0,160.0,18.0,14.0,Hughes
87,Peru Sur 8,14.75,18,N,MDSi619HBPX,PDC,Anticlinal M,C7,225.0,9835,10875,10355.0,6.0,19.0,840.0,890.0,1.032,1.71,4.999999999999999,30.0,13.999999999999996,11.3,RSS,90.0,140.0,14.0,16.0,Smith
88,Peru Sur 8,14.75,18,N,MDSi619HBPX,PDC,Imbricate,C6,94.0,9835,10875,10355.0,6.0,19.0,840.0,890.0,1.032,1.71,4.999999999999999,30.0,13.999999999999996,11.3,RSS,90.0,140.0,14.0,16.0,Smith
89,Peru Sur 8,14.75,18,N,MDSi619HBPX,PDC,Imbricate,C7,721.0000000000002,9835,10875,10355.0,6.0,19.0,840.0,890.0,1.032,1.71,4.999999999999999,30.0,13.999999999999996,11.3,RSS,90.0,140.0,14.0,16.0,Smith
90,Peru Sur 8,14.75,17,R,QD609F,PDC,Imbricate,C7,413.00000000000017,10875,11288,11081.5,9.0,19.0,810.0,850.0,1.086,1.73,4.999999999999999,50.0,5.41,11.7,RSS,90.0,140.0,22.0,16.0,Hughes
91,Peru Sur 8,14.75,19,N,QD607,PDC,Imbricate,C7,726.9999999999999,11288,12183,11735.5,7.0,19.0,850.0,850.0,1.178,1.47,4.999999999999999,30.0,8.979999999999999,11.7,RSS,100.0,120.0,22.0,16.0,Hughes
92,Peru Sur 8,14.75,19,N,QD607,PDC,Imbricate,C8,167.99999999999997,11288,12183,11735.5,7.0,19.0,850.0,850.0,1.178,1.47,4.999999999999999,30.0,8.979999999999999,11.7,RSS,100.0,120.0,22.0,16.0,Hughes
93,Peru Sur 8,14.75,19,R,QD607,PDC,Imbricate,C7,17.0,12183,12200,12191.5,7.0,19.0,805.0,805.0,1.335,0.97,15.0,18.0,9.439999999999998,11.8,Rotary,120.0,120.0,18.0,17.0,Hughes
94,Peru Sur 8,10.625,20,N,FX75DM,PDC,Imbricate,C7,129.99999999999997,12200,12330,12265.0,7.0,16.0,550.0,600.0,1.052,0.885,3.0000000000000004,20.0,49.99999999999999,12.0,Rotary,30.0,50.0,19.0,8.0,Halliburton
95,Peru Sur 8,10.625,21,N,MDSi716LBPX,PDC,Imbricate,C7,319.99999999999994,12330,14604,13467.0,7.0,16.0,775.0,790.0,1.19,2.27,4.999999999999999,30.0,18.78,12.1,RSS,120.0,120.0,21.0,13.0,Smith
96,Peru Sur 8,10.625,21,N,MDSi716LBPX,PDC,Imbricate,C8,248.00000000000009,12330,14604,13467.0,7.0,16.0,775.0,790.0,1.19,2.27,4.999999999999999,30.0,18.78,12.1,RSS,120.0,120.0,21.0,13.0,Smith
97,Peru Sur 8,10.625,21,N,MDSi716LBPX,PDC,Anticlinal G,C7,943.9999999999998,12330,14604,13467.0,7.0,16.0,775.0,790.0,1.19,2.27,4.999999999999999,30.0,18.78,12.1,RSS,120.0,120.0,21.0,13.0,Smith
98,Peru Sur 8,10.625,21,N,MDSi716LBPX,PDC,Anticlinal G,C8,762.0000000000002,12330,14604,13467.0,7.0,16.0,775.0,790.0,1.19,2.27,4.999999999999999,30.0,18.78,12.1,RSS,120.0,120.0,21.0,13.0,Smith
99,Peru Sur 8,10.625,22,N,MSF716M,PDC,Anticlinal G,C8,318.0,14604,14922,14763.0,7.0,16.0,690.0,770.0,1.19,1.1905,17.999999999999996,30.0,13.09,12.15,RSS,100.0,124.0,19.0,17.0,Hycalog
100,Peru Sur 8,10.625,22,R,MSF716M,PDC,Anticlinal G,Mirador,4.0,14922,14926,14924.0,7.0,16.0,500.0,500.0,1.19,2.14625,12.0,20.0,4.737499999999999,12.15,Rotary,90.0,90.0,16.0,12.0,Hycalog
101,Peru Sur 8,8.5,24,N,MM74D,PDC,Anticlinal G,Mirador,65.99999999999997,14926,14992,14959.0,7.0,13.0,350.0,450.0,0.778,1.5,3.0000000000000004,25.0,5.739999999999999,8.4,Rotary,100.0,130.0,16.0,12.0,Halliburton
102,Peru Sur 8,8.5,25,N,K507QSTBPXXC,PDC,Anticlinal G,Mirador,6.0,14992,14998,14995.0,7.0,16.0,250.0,540.0,1.553,2.36,2.0,20.0,3.3,8.4,Turbine,30.0,131.66666666666666,16.0,9.0,Smith
103,Peru Sur 8,8.5,26,N,HHDS132,Impregnated,Anticlinal G,Mirador,362.9999999999999,14998,15361,15179.5,12.0,0.0,560.0,560.0,0.662,3.22,2.0,21.0,3.49,9.4,Motor,185.0,185.0,19.0,16.0,Hughes
104,Peru Sur 8,8.5,27,N,DP336,Impregnated,Anticlinal G,Mirador,220.00000000000009,15361,15714,15537.5,16.0,0.0,560.0,580.0,1.5,0.65,2.0,23.0,4.05,8.4,Motor,185.0,191.0,17.0,13.0,Hughes
105,Peru Sur 8,8.5,27,N,DP336,Impregnated,Anticlinal G,Los Cuervos,133.0,15361,15714,15537.5,16.0,0.0,560.0,580.0,1.5,0.65,2.0,23.0,4.05,8.4,Motor,185.0,191.0,17.0,13.0,Hughes
106,Peru Sur 8,8.5,28,N,MSi716WPXX,PDC,Anticlinal G,Los Cuervos,237.00000000000009,15723,16050,15886.5,7.0,16.0,550.0,550.0,0.773,2.33,2.0,20.0,5.31,9.4,RSS,80.0,127.0,24.0,14.0,Smith
107,Peru Sur 8,8.5,28,N,MSi716WPXX,PDC,Anticlinal P,C8,90.0,15723,16050,15886.5,7.0,16.0,550.0,550.0,0.773,2.33,2.0,20.0,5.31,9.4,RSS,80.0,127.0,24.0,14.0,Smith
108,Peru Sur 8,8.5,29,N,SKF716D-A1C,PDC,Anticlinal P,C8,108.99999999999997,16050,16159,16104.5,7.0,16.0,550.0,550.0,0.773,2.498,6.0,24.0,3.5999999999999996,9.4,RSS,60.0,140.0,24.0,14.0,Hycalog
109,Peru Sur 8,8.5,30,N,MSi813NWPX,PDC,Anticlinal P,Mirador,111.99999999999996,16159,16271,16215.0,8.0,13.0,275.0,550.0,0.778,2.142,2.5,26.0,3.0000000000000004,9.4,Rotary,80.0,130.0,22.0,15.0,Smith
110,Peru Sur 8,8.5,31,N,MDSiR813LWUBPX,PDC,Anticlinal P,Mirador,323.9999999999999,16271,16595,16433.0,8.0,13.0,275.0,550.0,0.813,2.014,4.0,30.0,3.2,9.4,Rotary,85.0,140.0,19.0,13.5,Smith
111,Peru Sur 8,8.5,32,N,FX84D,PDC,Anticlinal P,Mirador,189.00000000000003,16595,16784,16689.5,8.0,13.0,550.0,550.0,0.884,1.894,1.0,40.0,2.5,9.4,Rotary,80.0,145.0,18.0,14.0,Halliburton
112,Peru Sur 8,8.5,33,N,KM522X,Tricone,Anticlinal P,Mirador,90.0,16784,17581,17182.5,3.0,0.0,550.0,565.0,0.601,4.249,2.0,40.0,8.3,9.4,Rotary,80.0,110.0,25.0,12.5,Hughes
113,Peru Sur 8,8.5,33,N,KM522X,Tricone,Anticlinal P,Los Cuervos,707.0000000000002,16784,17581,17182.5,3.0,0.0,550.0,565.0,0.601,4.249,2.0,40.0,8.3,9.4,Rotary,80.0,110.0,25.0,12.5,Hughes
114,Peru Sur 8,8.5,34,N,MDSiR813LWUBPX,PDC,Anticlinal P,Los Cuervos,194.00000000000003,17581,18167,17874.0,8.0,13.0,275.0,550.0,1.21,1.011,1.0,35.0,4.5,9.4,Rotary,80.0,120.0,20.0,14.0,Smith
115,Peru Sur 8,8.5,34,N,MDSiR813LWUBPX,PDC,Anticlinal P,Barco,391.9999999999999,17581,18167,17874.0,8.0,13.0,275.0,550.0,1.21,1.011,1.0,35.0,4.5,9.4,Rotary,80.0,120.0,20.0,14.0,Smith
116,Peru Sur 8,8.5,35,N,RSH813M,PDC,Anticlinal P,Barco,30.000000000000004,18167,18320,18243.5,8.0,13.0,550.0,550.0,1.3,0.875,10.000000000000002,24.0,12.9,9.4,Rotary,80.0,120.0,17.0,14.0,Hycalog
117,Peru Sur 8,8.5,35,N,RSH813M,PDC,Anticlinal P,C8,122.99999999999994,18167,18320,18243.5,8.0,13.0,550.0,550.0,1.3,0.875,10.000000000000002,24.0,12.9,9.4,Rotary,80.0,120.0,17.0,14.0,Hycalog
118,Peru 9,36.0,1,N,PZ9948,Tricone,Anticlinal N,Guayabo,85.00000000000001,45,130,87.5,3.0,0.0,300.0,550.0,2.605,0.003,10.000000000000002,15.0,13.0,8.5,Rotary,60.0,60.0,5.0,4.0,Smith
119,Peru 9,26.0,2,N,SSi619MHEBPX,PDC,Anticlinal N,Guayabo,334.0000000000001,130,2410,1270.0,6.0,19.0,276.0,460.0,0.663,0.047,6.0,35.0,29.400000000000002,8.5,RSS,100.0,115.0,16.0,5.0,Smith
120,Peru 9,26.0,2,N,SSi619MHEBPX,PDC,Anticlinal N,Charte,1007.0000000000003,130,2410,1270.0,6.0,19.0,276.0,460.0,0.663,0.047,6.0,35.0,29.400000000000002,8.5,RSS,100.0,115.0,16.0,5.0,Smith
121,Peru 9,26.0,2,N,SSi619MHEBPX,PDC,Anticlinal N,Leon,939.0,130,2410,1270.0,6.0,19.0,276.0,460.0,0.663,0.047,6.0,35.0,29.400000000000002,8.5,RSS,100.0,115.0,16.0,5.0,Smith
122,Peru 9,18.5,3,N,SSi819MHEBPX,PDC,Anticlinal N,Leon,239.99999999999997,2410,4457,3433.5,8.0,19.0,900.0,970.0,0.923,1.403,4.999999999999999,35.0,30.89999999999999,9.1,RSS,30.0,120.0,20.0,3.0,Smith
123,Peru 9,18.5,3,N,SSi819MHEBPX,PDC,Anticlinal N,C1,1807.0000000000002,2410,4457,3433.5,8.0,19.0,900.0,970.0,0.923,1.403,4.999999999999999,35.0,30.89999999999999,9.1,RSS,30.0,120.0,20.0,3.0,Smith
124,Peru 9,18.5,4,N,MDSI819HSBPX,PDC,Anticlinal N,C1,57.999999999999986,4457,5730,5093.5,8.0,19.0,900.0,950.0,1.089,1.16,3.0000000000000004,28.0,45.5,9.1,RSS,80.0,150.0,16.0,2.0,Smith
125,Peru 9,18.5,4,N,MDSI819HSBPX,PDC,Anticlinal N,C2,573.0000000000002,4457,5730,5093.5,8.0,19.0,900.0,950.0,1.089,1.16,3.0000000000000004,28.0,45.5,9.1,RSS,80.0,150.0,16.0,2.0,Smith
126,Peru 9,18.5,4,N,MDSI819HSBPX,PDC,Anticlinal N,C3,341.9999999999999,4457,5730,5093.5,8.0,19.0,900.0,950.0,1.089,1.16,3.0000000000000004,28.0,45.5,9.1,RSS,80.0,150.0,16.0,2.0,Smith
127,Peru 9,18.5,4,N,MDSI819HSBPX,PDC,Anticlinal N,C4,202.00000000000006,4457,5730,5093.5,8.0,19.0,900.0,950.0,1.089,1.16,3.0000000000000004,28.0,45.5,9.1,RSS,80.0,150.0,16.0,2.0,Smith
128,Peru 9,18.5,4,N,MDSI819HSBPX,PDC,Anticlinal N,C5,98.00000000000004,4457,5730,5093.5,8.0,19.0,900.0,950.0,1.089,1.16,3.0000000000000004,28.0,45.5,9.1,RSS,80.0,150.0,16.0,2.0,Smith
129,Peru 9,14.75,5,N,Z619,PDC,Anticlinal N,C5,879.9999999999998,5730,6610,6170.0,6.0,19.0,800.0,938.0,0.994,2.0,15.0,50.0,18.400000000000002,10.1,RSS,120.0,180.0,18.0,2.0,Smith
130,Peru 9,14.75,6,N,SKFI819M,PDC,Anticlinal N,C5,640.9999999999999,6610,7666,7138.0,8.0,19.0,940.0,1000.0,1.203,2.41,19.999999999999996,55.0,16.099999999999998,10.7,RSS,120.0,175.0,20.0,2.0,Hycalog
131,Peru 9,14.75,6,N,SKFI819M,PDC,Anticlinal N,C6,208.99999999999997,6610,7666,7138.0,8.0,19.0,940.0,1000.0,1.203,2.41,19.999999999999996,55.0,16.099999999999998,10.7,RSS,120.0,175.0,20.0,2.0,Hycalog
132,Peru 9,14.75,6,N,SKFI819M,PDC,Anticlinal M,C5,206.00000000000003,6610,7666,7138.0,8.0,19.0,940.0,1000.0,1.203,2.41,19.999999999999996,55.0,16.099999999999998,10.7,RSS,120.0,175.0,20.0,2.0,Hycalog
133,Peru 9,14.75,7,N,MSi819HBPX,PDC,Anticlinal M,C5,553.0000000000001,7666,8394,8030.0,8.0,19.0,900.0,1000.0,1.503,1.24,15.0,55.0,7.499999999999999,11.8,RSS,100.0,180.0,11.0,2.0,Smith
134,Peru 9,14.75,7,N,MSi819HBPX,PDC,Anticlinal M,C5,175.00000000000006,7666,8394,8030.0,8.0,19.0,900.0,1000.0,1.503,1.24,15.0,55.0,7.499999999999999,11.8,RSS,100.0,180.0,11.0,2.0,Smith
135,Peru 9,14.75,8,N,KM533X,Hybrid,Anticlinal M,C5,285.99999999999994,8394,9048,8721.0,3.0,16.0,900.0,940.0,1.197,1.72,40.0,70.0,10.9,12.0,RSS,100.0,140.0,12.0,5.0,Hughes
136,Peru 9,14.75,8,N,KM533X,Hybrid,Anticlinal M,C6,264.99999999999994,8394,9048,8721.0,3.0,16.0,900.0,940.0,1.197,1.72,40.0,70.0,10.9,12.0,RSS,100.0,140.0,12.0,5.0,Hughes
137,Peru 9,14.75,8,N,KM533X,Hybrid,Anticlinal F,C5,103.00000000000001,8394,9048,8721.0,3.0,16.0,900.0,940.0,1.197,1.72,40.0,70.0,10.9,12.0,RSS,100.0,140.0,12.0,5.0,Hughes
138,Peru 9,14.75,9,N,MDS616LBPX,PDC,Anticlinal F,C5,858.0000000000001,9048,9906,9477.0,6.0,16.0,900.0,940.0,1.58,1.72,44.99999999999999,65.0,5.9,12.0,RSS,150.0,160.0,12.5,7.0,Smith
139,Peru 9,14.75,10,N,KM533X,Hybrid,Anticlinal F,C5,788.0000000000001,9906,10694,10300.0,3.0,16.0,850.0,900.0,1.565,1.52,44.99999999999999,70.0,7.999999999999998,12.1,RSS,85.0,120.0,13.0,10.0,Hughes
140,Peru 9,14.75,11,N,MDS616LBPX,PDC,Anticlinal F,C5,387.00000000000006,10694,11430,11062.0,6.0,16.0,650.0,900.0,1.571,1.12,24.999999999999996,55.0,5.700000000000001,12.8,RSS,100.0,160.0,16.0,8.0,Smith
141,Peru 9,14.75,11,N,MDS616LBPX,PDC,Anticlinal F,C6,348.99999999999994,10694,11430,11062.0,6.0,16.0,650.0,900.0,1.571,1.12,24.999999999999996,55.0,5.700000000000001,12.8,RSS,100.0,160.0,16.0,8.0,Smith
142,Peru 9,14.75,12,N,MDSi819HBPX,PDC,Anticlinal F,C6,329.0,11430,12500,11965.0,8.0,19.0,650.0,900.0,1.61,1.12,24.999999999999996,47.0,13.4,12.8,RSS,120.0,150.0,18.0,8.0,Smith
143,Peru 9,14.75,12,N,MDSi819HBPX,PDC,Anticlinal F,C7,740.9999999999998,11430,12500,11965.0,8.0,19.0,650.0,900.0,1.61,1.12,10.000000000000002,47.0,13.4,12.8,RSS,120.0,150.0,18.0,8.0,Smith
144,Peru 9,10.625,13,N,MF15BOD PS 517X,Tricone,Anticlinal F,C7,15.0,12500,12515,12507.5,3.0,0.0,600.0,750.0,0.738,3.82,4.999999999999999,45.0,3.8999999999999995,13.3,Rotary,60.0,100.0,9.0,7.0,Smith
145,Peru 9,10.625,14,N,MDSIZ716BPX,PDC,Anticlinal F,C7,220.00000000000009,12515,14338,13426.5,7.0,16.0,680.0,680.0,0.738,3.82,15.0,40.0,15.900000000000004,13.6,RSS,100.0,145.0,16.0,8.0,Smith
146,Peru 9,10.625,14,N,MDSIZ716BPX,PDC,Anticlinal D,C7,1125.0000000000002,12515,14338,13426.5,7.0,16.0,680.0,680.0,0.738,3.82,15.0,40.0,15.900000000000004,13.6,RSS,100.0,145.0,16.0,8.0,Smith
147,Peru 9,10.625,14,N,MDSIZ716BPX,PDC,Anticlinal D,C8,362.9999999999999,12515,14338,13426.5,7.0,16.0,680.0,680.0,0.738,3.82,15.0,40.0,15.900000000000004,13.6,RSS,100.0,145.0,16.0,8.0,Smith
148,Peru 9,10.625,14,N,MDSIZ716BPX,PDC,Anticlinal D,Sltn Market,52.00000000000001,12515,14338,13426.5,7.0,16.0,680.0,680.0,0.738,3.82,15.0,40.0,15.900000000000004,13.6,RSS,100.0,145.0,16.0,8.0,Smith
149,Peru 9,10.625,14,N,MDSIZ716BPX,PDC,Anticlinal D,Mirador,62.99999999999999,12515,14338,13426.5,7.0,16.0,680.0,680.0,0.738,3.82,15.0,40.0,15.900000000000004,13.6,RSS,100.0,145.0,16.0,8.0,Smith
150,Peru 9,10.625,15,N,MDSI716ASPX,PDC,Anticlinal D,Mirador,43.0,14338,14381,14359.5,7.0,16.0,680.0,680.0,0.738,3.82,19.999999999999996,25.0,5.4,13.6,RSS,95.0,135.0,12.0,8.0,Smith
151,Peru 9,8.5,16,N,MDSIR813LWUEBPX,PDC,Anticlinal D,Mirador,93.00000000000003,14381,14632,14506.5,8.0,13.0,450.0,600.0,0.813,2.6,4.999999999999999,33.0,4.999999999999999,8.4,Rotary,90.0,140.0,12.0,6.0,Smith
152,Peru 9,8.5,16,N,MDSIR813LWUEBPX,PDC,Anticlinal G,C7,43.99999999999999,14381,14632,14506.5,8.0,13.0,450.0,600.0,0.813,2.6,4.999999999999999,33.0,4.999999999999999,8.4,Rotary,90.0,140.0,12.0,6.0,Smith
153,Peru 9,8.5,16,N,MDSIR813LWUEBPX,PDC,Anticlinal G,C8,114.00000000000003,14381,14632,14506.5,8.0,13.0,450.0,600.0,0.813,2.6,4.999999999999999,33.0,4.999999999999999,8.4,Rotary,90.0,140.0,12.0,6.0,Smith
154,Peru 9,8.5,17,N,Z716,PDC,Anticlinal G,C8,1567.9999999999998,14632,16200,15416.0,7.0,16.0,480.0,400.0,0.773,3.0,10.000000000000002,40.0,44.400000000000006,9.5,RSS,110.0,155.0,14.0,7.0,Smith
155,Peru 9,8.5,17,R,Z716,PDC,Anticlinal G,C8,159.99999999999994,16200,16800,16500.0,7.0,16.0,600.0,640.0,0.773,3.0,12.0,40.0,15.199999999999998,10.9,RSS,110.0,135.0,13.0,7.0,Smith
156,Peru 9,8.5,17,R,Z716,PDC,Anticlinal G,C7,310.99999999999994,16200,16800,16500.0,7.0,16.0,600.0,640.0,0.773,3.0,12.0,40.0,15.199999999999998,10.9,RSS,110.0,135.0,13.0,7.0,Smith
157,Peru 9,8.5,17,R,Z716,PDC,Anticlinal G,C8,128.99999999999997,16200,16800,16500.0,7.0,16.0,600.0,640.0,0.773,3.0,12.0,40.0,15.199999999999998,10.9,RSS,110.0,135.0,13.0,7.0,Smith
158,Peru 9,8.5,18,N,MDSiR616LMUEBPX,PDC,Anticlinal G,C8,802.0000000000002,16800,17605,17202.5,6.0,16.0,600.0,620.0,0.773,3.0,12.0,32.0,21.499999999999996,11.0,RSS,110.0,135.0,13.0,7.0,Smith
159,Peru 9,8.5,18,N,MDSiR616LMUEBPX,PDC,Anticlinal G,Mirador,3.0000000000000004,16800,17605,17202.5,6.0,16.0,600.0,620.0,0.773,3.0,12.0,32.0,21.499999999999996,11.0,RSS,110.0,135.0,13.0,7.0,Smith
160,Peru 9,8.5,17,RR,Z716,PDC,Anticlinal G,Mirador,24.999999999999996,17605,17605,17605.0,7.0,16.0,600.0,640.0,1.63,3.0,10.000000000000002,30.0,10.179999999999998,11.1,Rotary,100.0,130.0,13.0,9.0,Smith
161,Peru 9,6.0,19,N,MDSIR613WQBPX,PDC,Anticlinal G,Mirador,195.99999999999991,17605,17801,17703.0,6.0,13.0,200.0,250.0,0.907,1.2,10.000000000000002,20.0,3.1,8.3,Motor,162.0,202.0,13.0,7.0,Smith
162,Peru 9,6.0,20,N,MDSIR613WQBPX,PDC,Anticlinal G,Mirador,55.000000000000014,17801,17856,17828.5,6.0,13.0,250.0,280.0,0.907,1.2,4.999999999999999,11.0,2.1,8.4,Motor,177.0,195.0,13.0,7.0,Smith
163,Peru 9,6.0,21,N,MDSIR613WQBPX,PDC,Anticlinal G,Mirador,223.99999999999994,17856,18099,17977.5,6.0,13.0,250.0,270.0,0.907,1.2,4.999999999999999,11.0,4.1,8.3,Motor,120.0,130.0,13.0,7.0,Smith
164,Peru 9,6.0,21,N,MDSIR613WQBPX,PDC,Anticlinal G,Los Cuervos,18.999999999999996,17856,18099,17977.5,6.0,13.0,250.0,270.0,0.907,1.2,4.999999999999999,11.0,4.1,8.3,Motor,120.0,130.0,13.0,7.0,Smith
165,Peru 9,6.0,22,N,MSI613WBPX,PDC,Anticlinal G,Barco,546.0000000000001,18099,18669,18384.0,6.0,13.0,250.0,270.0,0.907,1.2,4.999999999999999,18.0,6.299999999999999,9.8,RSS,80.0,150.0,13.0,7.0,Smith
166,Peru 9,6.0,22,N,MSI613WBPX,PDC,Anticlinal G,Barco,24.000000000000004,18099,18669,18384.0,6.0,13.0,250.0,270.0,0.907,1.2,4.999999999999999,18.0,6.299999999999999,9.8,RSS,80.0,150.0,13.0,7.0,Smith
167,Peru 9,6.0,23,N,MDSIR613WDPBX,PDC,Anticlinal G,Barco,185.2,18669,18669,18669.0,6.0,13.0,250.0,270.0,0.907,1.2,4.6,15.6,4.6,9.8,RSS,102.0,142.0,12.8,7.0,Smith
168,Peru 9,6.0,23,R,MDSIR613WDPBX,PDC,Anticlinal G,Barco,206.99999999999994,18669,18876,18772.5,6.0,13.0,250.0,270.0,0.907,1.2,4.999999999999999,11.0,2.9,9.8,Motor,120.0,130.0,13.0,7.0,Smith
169,Peru 9,6.0,24,N,MDSIR613WDPBX,PDC,Anticlinal G,Barco,38.99999999999999,18876,18915,18895.5,6.0,13.0,250.0,270.0,0.796,1.2,4.999999999999999,11.0,4.9,9.8,RSS,110.0,130.0,13.0,7.0,Smith
170,Peru 9,6.0,24,R,MDSIR613WDPBX,PDC,Anticlinal G,Barco,110.00000000000004,18915,19112,19013.5,6.0,13.0,250.0,270.0,0.796,1.2,3.0000000000000004,20.0,2.6,9.8,RSS,120.0,150.0,12.0,7.0,Smith
171,Peru 9,6.0,24,R,MDSIR613WDPBX,PDC,Anticlinal G,Guad. Shale,87.0,18915,19112,19013.5,6.0,13.0,250.0,270.0,0.796,1.2,3.0000000000000004,20.0,2.6,9.8,RSS,120.0,150.0,12.0,7.0,Smith
172,Peru 9,6.0,25,N,MDSIR613WDPBX,PDC,Anticlinal G,Guad. Shale,48.00000000000001,19112,19335,19223.5,6.0,13.0,240.0,257.0,0.907,1.2,3.0000000000000004,15.0,3.7000000000000006,9.8,RSS,120.0,145.0,11.0,8.0,Smith
173,Peru 9,6.0,25,N,MDSIR613WDPBX,PDC,Anticlinal G,Guad. Upper,34.99999999999999,19112,19335,19223.5,6.0,13.0,240.0,257.0,0.907,1.2,3.0000000000000004,15.0,3.7000000000000006,9.8,RSS,120.0,145.0,11.0,8.0,Smith
174,Peru 9,6.0,25,N,MDSIR613WDPBX,PDC,Anticlinal P,C8,139.99999999999994,19112,19335,19223.5,6.0,13.0,240.0,257.0,0.907,1.2,3.0000000000000004,15.0,3.7000000000000006,9.8,RSS,120.0,145.0,11.0,8.0,Smith
175,Peru 9,6.0,25,R,MDSIR613WDPBX,PDC,Anticlinal P,C8,122.00000000000003,19335,19802,19568.5,6.0,13.0,250.0,270.0,0.796,1.2,4.999999999999999,16.0,6.700000000000001,9.8,Rotary,120.0,150.0,13.0,7.0,Smith
176,Peru 9,6.0,25,R,MDSIR613WDPBX,PDC,Anticlinal P,C8,155.00000000000003,19335,19802,19568.5,6.0,13.0,250.0,270.0,0.796,1.2,4.999999999999999,16.0,6.700000000000001,9.8,Rotary,120.0,150.0,13.0,7.0,Smith
177,Peru 9,6.0,25,R,MDSIR613WDPBX,PDC,Anticlinal P,Sltn Market,190.0,19335,19802,19568.5,6.0,13.0,250.0,270.0,0.796,1.2,4.999999999999999,16.0,6.700000000000001,9.8,Rotary,120.0,150.0,13.0,7.0,Smith
178,Peru 9,6.0,26,N,R613,PDC,Anticlinal P,Sltn Market,7.999999999999998,19802,19810,19806.0,6.0,13.0,250.0,250.0,0.748,0.48,3.0000000000000004,12.0,3.5,9.9,RSS,120.0,140.0,12.0,11.0,Smith
179,Peru 9,6.0,26,R,R613,PDC,Anticlinal P,Sltn Market,22.000000000000004,19810,19988,19899.0,6.0,13.0,202.0,235.0,0.907,0.48,4.0,20.0,2.6,10.0,RSS,10.0,140.0,13.0,9.0,Smith
180,Peru 9,6.0,26,R,R613,PDC,Anticlinal P,Mirador,156.0,19810,19988,19899.0,6.0,13.0,202.0,235.0,0.907,0.48,4.0,20.0,2.6,10.0,RSS,10.0,140.0,13.0,9.0,Smith
181,Peru 9,6.0,27,N,R613,PDC,Anticlinal P,Mirador,226.00000000000009,19988,20257,20122.5,6.0,13.0,250.0,280.0,0.907,0.33,3.0000000000000004,22.0,3.1,10.0,Rotary,100.0,150.0,11.0,9.0,Smith
182,Peru 9,6.0,28,N,MSI616WBPX,PDC,Anticlinal P,Los Cuervos,43.0,20257,20300,20278.5,6.0,16.0,280.0,280.0,0.663,1.2,4.999999999999999,17.0,6.9,10.0,Rotary,130.0,140.0,11.0,9.0,Smith
183,Florida 9,26.0,2,N,HP633V,Hybrid,Anticlinal N,Colluvium,71.0,154,2410,1282.0,3.0,19.0,880.0,930.0,0.994,0.62,10.000000000000002,50.0,48.31000000000001,8.7,RSS,40.0,140.0,15.0,5.0,Hughes
184,Florida 9,26.0,2,N,HP633V,Hybrid,Anticlinal N,C5,55.000000000000014,154,2410,1282.0,3.0,19.0,880.0,930.0,0.994,0.62,10.000000000000002,50.0,48.31000000000001,8.7,RSS,40.0,140.0,15.0,5.0,Hughes
185,Florida 9,26.0,2,N,HP633V,Hybrid,Anticlinal N,C6,2129.999999999999,154,2410,1282.0,3.0,19.0,880.0,930.0,0.994,0.62,10.000000000000002,50.0,48.31000000000001,8.7,RSS,40.0,140.0,15.0,5.0,Hughes
186,Florida 9,18.5,3,N,RSFX819M,PDC,Anticlinal M,C6,1530.0,2410,6533,4471.5,8.0,19.0,900.0,950.0,1.078,1.56,34.99999999999999,55.0,60.190000000000005,9.7,RSS,65.0,160.0,15.0,6.0,Hycalog
187,Florida 9,18.5,3,N,RSFX819M,PDC,Anticlinal M,C7,2593.0,2410,6533,4471.5,8.0,19.0,900.0,950.0,1.078,1.56,34.99999999999999,55.0,60.190000000000005,9.7,RSS,65.0,160.0,15.0,6.0,Hycalog
188,Florida 9,14.75,5,N,QD609X,PDC,Anticlinal M,C7,2295.0000000000005,6533,9458,7995.5,9.0,19.0,800.0,950.0,1.131,1.91,10.000000000000002,50.0,55.79999999999998,10.8,RSS,40.0,150.0,15.0,10.0,Hughes
189,Florida 9,14.75,5,N,QD609X,PDC,Anticlinal M,C8,630.0000000000001,6533,9458,7995.5,9.0,19.0,800.0,950.0,1.131,1.91,10.000000000000002,50.0,55.79999999999998,10.8,RSS,40.0,150.0,15.0,10.0,Hughes
190,Florida 9,14.75,5,R,QD609X,PDC,Anticlinal M,C8,430.99999999999983,9458,9889,9673.5,9.0,19.0,880.0,930.0,1.178,1.82,15.0,35.0,29.1,12.2,RSS,80.0,145.0,14.0,10.0,Hughes
191,Florida 9,14.75,5,RR,QD609X,PDC,Anticlinal M,C8,250.9999999999999,9889,11165,10527.0,9.0,19.0,900.0,900.0,1.178,1.439,15.0,45.0,40.400000000000006,12.4,RSS,90.0,145.0,16.0,7.0,Hughes
192,Florida 9,14.75,5,RR,QD609X,PDC,Anticlinal F,C8,1025.0000000000005,9889,11165,10527.0,9.0,19.0,900.0,900.0,1.178,1.439,15.0,45.0,40.400000000000006,12.4,RSS,90.0,145.0,16.0,7.0,Hughes
193,Florida 9,10.625,6,N,QD408FX,PDC,Anticlinal F,Mirador,77.00000000000001,11165,11242,11203.5,8.0,13.0,650.0,650.0,0.65,2.23,10.000000000000002,46.0,4.26,12.9,RSS,60.0,110.0,10.0,4.0,Hughes
194,Florida 9,10.625,7,N,VGM40CGDDX0,Tricone,Anticlinal F,Mirador,261.99999999999994,11242,11504,11373.0,3.0,0.0,750.0,750.0,0.565,5.05,10.000000000000002,40.0,14.070000000000002,8.4,Rotary,50.0,100.0,11.0,4.0,Hughes
195,Florida 9,10.625,8,N,VMMDS20GDX2,Tricone,Anticlinal F,Mirador,139.99999999999994,11504,11644,11574.0,3.0,0.0,750.0,750.0,0.565,5.05,2.0,35.0,8.14,8.4,Rotary,60.0,115.0,8.5,4.0,Hughes
196,Florida 9,10.625,9,N,FXD94i,PDC,Anticlinal F,Mirador,174.0,11644,11818,11731.0,9.0,13.0,650.0,700.0,0.557,5.6,10.000000000000002,45.0,4.41,8.4,Rotary,80.0,120.0,10.0,5.0,Halliburton
197,Florida 9,10.625,10,N,VMMDS20GDX2,Tricone,Anticlinal F,Mirador,51.0,11818,11879,11848.5,3.0,0.0,750.0,355.0,0.565,5.05,6.0,40.0,6.1,8.4,Rotary,55.0,115.0,10.0,4.0,Hughes
198,Florida 9,10.625,10,N,VMMDS20GDX2,Tricone,Anticlinal F,Los Cuervos,10.000000000000002,11818,11879,11848.5,3.0,0.0,712.5,355.0,0.565,5.05,5.75,40.0,6.1,8.4,Rotary,56.25,115.0,10.0,4.0,Hughes
199,Florida 9,10.625,11,N,MDSi716LBPX,PDC,Anticlinal F,Los Cuervos,312.9999999999999,11879,12192,12035.5,7.0,16.0,700.0,700.0,0.773,3.3,4.0,35.0,7.599999999999998,9.5,RSS,80.0,130.0,8.0,7.0,Smith
200,Florida 9,10.625,12,N,FXD75DM,PDC,Anticlinal F,Los Cuervos,743.9999999999998,12192,12936,12564.0,7.0,16.0,700.0,700.0,0.773,3.3,4.999999999999999,35.0,15.100000000000003,9.5,RSS,80.0,130.0,12.0,6.0,Halliburton
201,Florida 9,10.625,12,N,FXD75DM,PDC,Anticlinal F,Barco,18.999999999999996,12192,12936,12564.0,7.0,16.0,700.0,700.0,0.773,3.3,4.999999999999999,35.0,15.100000000000003,9.5,RSS,80.0,130.0,12.0,6.0,Halliburton
202,Florida 9,8.5,15,N,SKH716M,PDC,Anticlinal F,Barco,284.00000000000006,12936,13220,13078.0,7.0,16.0,279.0,553.0,0.537,0.7,4.999999999999999,35.0,4.6,9.7,Rotary,60.0,120.0,10.0,5.0,Hycalog
203,Florida 9,8.5,16,N,FX75D,PDC,Anticlinal F,Barco,341.00000000000006,13220,13561,13390.5,7.0,16.0,265.0,522.0,0.464,0.7,2.0,35.0,4.3,8.2,Rotary,81.0,140.0,9.0,6.0,Halliburton
204,Florida 9,8.5,17,N,MSi813WUEBPX,PDC,Anticlinal F,Barco,195.99999999999991,13561,13765,13663.0,8.0,13.0,256.0,520.0,0.614,0.45,5.857142857142857,30.0,4.1,8.2,Rotary,75.42857142857143,125.0,7.0,5.0,Smith
205,Florida 9,8.5,17,N,MSi813WUEBPX,PDC,Anticlinal F,Guadalupe,7.999999999999998,13561,13765,13663.0,8.0,13.0,256.0,520.0,0.614,0.45,9.500000000000002,30.0,4.1,8.2,Rotary,78.0,125.0,7.0,5.0,Smith
206,Florida 9,8.5,18,N,MSi716WPX,PDC,Anticlinal F,Guadalupe,245.99999999999991,13765,14011,13888.0,7.0,16.0,560.0,560.0,0.569,0.5,9.500000000000002,35.0,5.5,8.2,RSS,78.0,125.0,7.0,4.0,Smith
207,Florida 9,8.5,19,N,FX74D,PDC,Anticlinal F,Guadalupe,219.00000000000003,14011,14230,14120.5,7.0,13.0,560.0,600.0,0.557,4.3,15.0,30.0,6.1,8.2,Rotary,90.0,120.0,8.0,6.0,Halliburton
208,Florida 9,8.5,20,N,Q408FX,PDC,Anticlinal F,Guadalupe,97.0,14230,14327,14278.5,8.0,13.0,600.0,600.0,0.614,4.4,9.500000000000002,45.0,2.5,8.2,Rotary,78.0,115.0,9.0,7.0,Hughes
209,Florida 9,8.5,21,N,MDSi813,PDC,Anticlinal F,Guadalupe,198.0,14327,14525,14426.0,8.0,13.0,300.0,550.0,0.557,2.4,4.999999999999999,35.0,4.0,8.3,Rotary,90.0,130.0,9.0,7.0,Smith
210,Florida 9,8.5,22,N,MDSi813,PDC,Anticlinal F,Guadalupe,56.00000000000002,14525,14680,14602.5,8.0,13.0,300.0,600.0,0.557,5.5,9.500000000000002,30.0,4.999999999999999,8.4,Rotary,50.0,135.0,8.5,7.0,Smith
211,Florida 9,8.5,22,N,MDSi813,PDC,Anticlinal F,Gacheta,98.99999999999999,14525,14680,14602.5,8.0,13.0,300.0,600.0,0.557,5.5,7.521008403361344,30.0,4.999999999999999,8.4,Rotary,50.0,135.0,8.5,7.0,Smith
